gene,selection_freq,direction_consistency,times_selected,n_bootstraps,symbol,chrom,start,end,strand,locus
ENSG00000112984.11,1.0,1.0,150,150,KIF20A,chr5,138178719,138187715,+,"chr5:138,178,719-138,187,715 (+)"
ENSG00000266964.5,1.0,1.0,150,150,FXYD1,chr19,35138808,35143109,+,"chr19:35,138,808-35,143,109 (+)"
ENSG00000169418.9,1.0,1.0,150,150,NPR1,chr1,153678637,153693992,+,"chr1:153,678,637-153,693,992 (+)"
ENSG00000105011.8,1.0,1.0,150,150,ASF1B,chr19,14119509,14136956,-,"chr19:14,119,509-14,136,956 (-)"
ENSG00000168079.16,1.0,1.0,150,150,SCARA5,chr8,27869882,27992727,-,"chr8:27,869,882-27,992,727 (-)"
ENSG00000165810.16,1.0,1.0,150,150,BTNL9,chr5,181040225,181061523,+,"chr5:181,040,225-181,061,523 (+)"
ENSG00000090889.11,1.0,1.0,150,150,KIF4A,chrX,70290090,70420832,+,"chrX:70,290,090-70,420,832 (+)"
ENSG00000154258.16,1.0,1.0,150,150,ABCA9,chr17,68974488,69061064,-,"chr17:68,974,488-69,061,064 (-)"
ENSG00000167434.9,1.0,1.0,150,150,CA4,chr17,60149936,60170899,+,"chr17:60,149,936-60,170,899 (+)"
ENSG00000277494.1,1.0,1.0,150,150,GPIHBP1,chr8,143213193,143217170,+,"chr8:143,213,193-143,217,170 (+)"
ENSG00000161649.12,1.0,1.0,150,150,CD300LG,chr17,43847148,43863629,+,"chr17:43,847,148-43,863,629 (+)"
ENSG00000131747.14,1.0,1.0,150,150,TOP2A,chr17,40388516,40417950,-,"chr17:40,388,516-40,417,950 (-)"
ENSG00000137804.12,1.0,1.0,150,150,NUSAP1,chr15,41332694,41381050,+,"chr15:41,332,694-41,381,050 (+)"
ENSG00000165197.4,1.0,1.0,150,150,VEGFD,chrX,15345591,15384376,-,"chrX:15,345,591-15,384,376 (-)"
ENSG00000168874.12,1.0,1.0,150,150,ATOH8,chr2,85751344,85788066,+,"chr2:85,751,344-85,788,066 (+)"
ENSG00000136158.11,1.0,1.0,150,150,SPRY2,chr13,80335976,80340951,-,"chr13:80,335,976-80,340,951 (-)"
ENSG00000181234.9,1.0,1.0,150,150,TMEM132C,chr12,128267403,128707915,+,"chr12:128,267,403-128,707,915 (+)"
ENSG00000167779.7,1.0,1.0,150,150,IGFBP6,chr12,53097436,53102345,+,"chr12:53,097,436-53,102,345 (+)"
ENSG00000137727.12,1.0,1.0,150,150,ARHGAP20,chr11,110577042,110713189,-,"chr11:110,577,042-110,713,189 (-)"
ENSG00000168477.17,1.0,1.0,150,150,TNXB,chr6,32041154,32115334,-,"chr6:32,041,154-32,115,334 (-)"
ENSG00000186642.15,1.0,1.0,150,150,PDE2A,chr11,72576141,72674591,-,"chr11:72,576,141-72,674,591 (-)"
ENSG00000168497.4,1.0,1.0,150,150,SDPR,chr2,191834302,191847255,-,"chr2:191,834,302-191,847,255 (-)"
ENSG00000177363.4,1.0,1.0,150,150,LRRN4CL,chr11,62686402,62689899,-,"chr11:62,686,402-62,689,899 (-)"
ENSG00000138180.15,1.0,1.0,150,150,CEP55,chr10,93496632,93529092,+,"chr10:93,496,632-93,529,092 (+)"
ENSG00000124440.15,1.0,1.0,150,150,HIF3A,chr19,46297046,46343433,+,"chr19:46,297,046-46,343,433 (+)"
ENSG00000171848.13,1.0,1.0,150,150,RRM2,chr2,10122328,10131419,+,"chr2:10,122,328-10,131,419 (+)"
ENSG00000088325.15,1.0,1.0,150,150,TPX2,chr20,31739271,31801805,+,"chr20:31,739,271-31,801,805 (+)"
ENSG00000149451.17,1.0,1.0,150,150,ADAM33,chr20,3667965,3682246,-,"chr20:3,667,965-3,682,246 (-)"
ENSG00000175063.16,1.0,1.0,150,150,UBE2C,chr20,45812576,45816957,+,"chr20:45,812,576-45,816,957 (+)"
ENSG00000143476.17,1.0,1.0,150,150,DTL,chr1,212035553,212107400,+,"chr1:212,035,553-212,107,400 (+)"
ENSG00000117650.12,1.0,1.0,150,150,NEK2,chr1,211658657,211675630,-,"chr1:211,658,657-211,675,630 (-)"
ENSG00000148180.19,1.0,1.0,150,150,GSN,chr9,121207794,121332843,+,"chr9:121,207,794-121,332,843 (+)"
ENSG00000077152.9,1.0,1.0,150,150,UBE2T,chr1,202331657,202341980,-,"chr1:202,331,657-202,341,980 (-)"
ENSG00000187800.13,1.0,1.0,150,150,PEAR1,chr1,156893698,156916434,+,"chr1:156,893,698-156,916,434 (+)"
ENSG00000166803.11,0.9866666666666667,1.0,148,150,PCLAF,chr15,64364311,64387687,-,"chr15:64,364,311-64,387,687 (-)"
ENSG00000122952.16,0.98,1.0,147,150,ZWINT,chr10,56357228,56361275,-,"chr10:56,357,228-56,361,275 (-)"
ENSG00000076555.15,0.98,1.0,147,150,ACACB,chr12,109116595,109268226,+,"chr12:109,116,595-109,268,226 (+)"
ENSG00000138160.5,0.9733333333333334,1.0,146,150,KIF11,chr10,92593286,92655395,+,"chr10:92,593,286-92,655,395 (+)"
ENSG00000276043.4,0.9666666666666667,1.0,145,150,UHRF1,chr19,4903080,4962154,+,"chr19:4,903,080-4,962,154 (+)"
ENSG00000072571.19,0.9333333333333333,1.0,140,150,HMMR,chr5,163460203,163491945,+,"chr5:163,460,203-163,491,945 (+)"
ENSG00000134057.14,0.9133333333333333,1.0,137,150,CCNB1,chr5,69167010,69178245,+,"chr5:69,167,010-69,178,245 (+)"
ENSG00000133800.8,0.9133333333333333,1.0,137,150,LYVE1,chr11,10556966,10611689,-,"chr11:10,556,966-10,611,689 (-)"
ENSG00000180660.7,0.8133333333333334,1.0,122,150,MAB21L1,chr13,35474182,35477209,-,"chr13:35,474,182-35,477,209 (-)"
ENSG00000163884.3,0.8066666666666666,1.0,121,150,KLF15,chr3,126342635,126357442,-,"chr3:126,342,635-126,357,442 (-)"
ENSG00000163431.12,0.6866666666666666,1.0,103,150,LMOD1,chr1,201896452,201946588,-,"chr1:201,896,452-201,946,588 (-)"
ENSG00000022267.16,0.58,1.0,87,150,FHL1,chrX,136146702,136211359,+,"chrX:136,146,702-136,211,359 (+)"
ENSG00000169744.12,0.5466666666666666,1.0,82,150,LDB2,chr4,16501541,16898809,-,"chr4:16,501,541-16,898,809 (-)"
ENSG00000153902.13,0.5466666666666666,1.0,82,150,LGI4,chr19,35124513,35142451,-,"chr19:35,124,513-35,142,451 (-)"
ENSG00000170312.15,0.52,1.0,78,150,CDK1,chr10,60778331,60794852,+,"chr10:60,778,331-60,794,852 (+)"
ENSG00000164849.9,0.4866666666666667,1.0,73,150,GPR146,chr7,1044576,1059261,+,"chr7:1,044,576-1,059,261 (+)"
ENSG00000123500.9,0.35333333333333333,1.0,53,150,COL10A1,chr6,116118923,116158747,-,"chr6:116,118,923-116,158,747 (-)"
ENSG00000113368.11,0.34,1.0,51,150,LMNB1,chr5,126776623,126837020,+,"chr5:126,776,623-126,837,020 (+)"
ENSG00000089685.14,0.34,1.0,51,150,BIRC5,chr17,78214186,78225636,+,"chr17:78,214,186-78,225,636 (+)"
ENSG00000124615.17,0.3333333333333333,1.0,50,150,MOCS1,chr6,39899578,39934551,-,"chr6:39,899,578-39,934,551 (-)"
ENSG00000266524.2,0.31333333333333335,1.0,47,150,GDF10,chr10,47300386,47313547,+,"chr10:47,300,386-47,313,547 (+)"
ENSG00000248144.5,0.25333333333333335,1.0,38,150,ADH1C,chr4,99336492,99353027,-,"chr4:99,336,492-99,353,027 (-)"
ENSG00000126787.12,0.25333333333333335,1.0,38,150,DLGAP5,chr14,55148112,55191678,-,"chr14:55,148,112-55,191,678 (-)"
ENSG00000123975.4,0.21333333333333335,1.0,32,150,CKS2,chr9,89311198,89316703,+,"chr9:89,311,198-89,316,703 (+)"
ENSG00000099953.9,0.21333333333333335,1.0,32,150,MMP11,chr22,23768226,23784316,+,"chr22:23,768,226-23,784,316 (+)"
ENSG00000123243.14,0.19333333333333333,1.0,29,150,ITIH5,chr10,7559270,7666998,-,"chr10:7,559,270-7,666,998 (-)"
ENSG00000167900.11,0.16666666666666666,1.0,25,150,TK1,chr17,78174075,78187233,-,"chr17:78,174,075-78,187,233 (-)"
ENSG00000101280.7,0.10666666666666667,1.0,16,150,ANGPT4,chr20,869899,916317,-,"chr20:869,899-916,317 (-)"
ENSG00000123485.11,0.08,1.0,12,150,HJURP,chr2,233833416,233854566,-,"chr2:233,833,416-233,854,566 (-)"
ENSG00000141338.13,0.06,1.0,9,150,ABCA8,chr17,68867292,68955392,-,"chr17:68,867,292-68,955,392 (-)"
ENSG00000164611.12,0.03333333333333333,1.0,5,150,PTTG1,chr5,160421822,160428744,+,"chr5:160,421,822-160,428,744 (+)"
ENSG00000079308.16,0.02666666666666667,1.0,4,150,TNS1,chr2,217799789,218002995,-,"chr2:217,799,789-218,002,995 (-)"
ENSG00000149090.11,0.02666666666666667,1.0,4,150,PAMR1,chr11,35431823,35530300,-,"chr11:35,431,823-35,530,300 (-)"
ENSG00000078549.14,0.02,1.0,3,150,ADCYAP1R1,chr7,31052461,31111479,+,"chr7:31,052,461-31,111,479 (+)"
ENSG00000165269.12,0.013333333333333334,1.0,2,150,AQP7,chr9,33383179,33402682,-,"chr9:33,383,179-33,402,682 (-)"
ENSG00000169679.14,0.006666666666666667,1.0,1,150,BUB1,chr2,110637698,110678114,-,"chr2:110,637,698-110,678,114 (-)"
ENSG00000079337.15,0.006666666666666667,1.0,1,150,RAPGEF3,chr12,47734367,47771040,-,"chr12:47,734,367-47,771,040 (-)"
ENSG00000135424.15,0.006666666666666667,1.0,1,150,ITGA7,chr12,55684568,55716043,-,"chr12:55,684,568-55,716,043 (-)"
ENSG00000162407.8,0.006666666666666667,1.0,1,150,PLPP3,chr1,56494747,56645301,-,"chr1:56,494,747-56,645,301 (-)"
ENSG00000198910.12,0.0,0.0,0,150,L1CAM,chrX,153861514,153909223,-,"chrX:153,861,514-153,909,223 (-)"
ENSG00000126895.13,0.0,0.0,0,150,AVPR2,chrX,153902531,153907166,+,"chrX:153,902,531-153,907,166 (+)"
ENSG00000067840.12,0.0,0.0,0,150,PDZD4,chrX,153802166,153830565,-,"chrX:153,802,166-153,830,565 (-)"
ENSG00000180879.13,0.0,0.0,0,150,SSR4,chrX,153793516,153798505,+,"chrX:153,793,516-153,798,505 (+)"
ENSG00000067829.18,0.0,0.0,0,150,IDH3G,chrX,153785766,153794523,-,"chrX:153,785,766-153,794,523 (-)"
ENSG00000184343.10,0.0,0.0,0,150,SRPK3,chrX,153776412,153785732,+,"chrX:153,776,412-153,785,732 (+)"
ENSG00000198753.11,0.0,0.0,0,150,PLXNB3,chrX,153764196,153779346,+,"chrX:153,764,196-153,779,346 (+)"
ENSG00000101986.11,0.0,0.0,0,150,ABCD1,chrX,153724868,153744762,+,"chrX:153,724,868-153,744,762 (+)"
ENSG00000185825.15,0.0,0.0,0,150,BCAP31,chrX,153700497,153724697,-,"chrX:153,700,497-153,724,697 (-)"
ENSG00000130821.15,0.0,0.0,0,150,SLC6A8,chrX,153688099,153696593,+,"chrX:153,688,099-153,696,593 (+)"
ENSG00000130822.15,0.0,0.0,0,150,PNCK,chrX,153669730,153689010,-,"chrX:153,669,730-153,689,010 (-)"
ENSG00000130829.17,0.0,0.0,0,150,DUSP9,chrX,153642492,153651326,+,"chrX:153,642,492-153,651,326 (+)"
ENSG00000262919.7,0.0,0.0,0,150,FAM58A,chrX,153587919,153600045,-,"chrX:153,587,919-153,600,045 (-)"
ENSG00000182492.15,0.0,0.0,0,150,BGN,chrX,153494939,153509554,+,"chrX:153,494,939-153,509,554 (+)"
ENSG00000213397.10,0.0,0.0,0,150,HAUS7,chrX,153447666,153495516,-,"chrX:153,447,666-153,495,516 (-)"
ENSG00000183479.12,0.0,0.0,0,150,TREX2,chrX,153444720,153470587,-,"chrX:153,444,720-153,470,587 (-)"
ENSG00000189420.8,0.0,0.0,0,150,ZFP92,chrX,153418322,153426481,+,"chrX:153,418,322-153,426,481 (+)"
ENSG00000063587.13,0.0,0.0,0,150,ZNF275,chrX,153334155,153360110,+,"chrX:153,334,155-153,360,110 (+)"
ENSG00000235961.5,0.0,0.0,0,150,PNMA6A,chrX,153072482,153075018,+,"chrX:153,072,482-153,075,018 (+)"
ENSG00000183837.9,0.0,0.0,0,150,PNMA3,chrX,153056409,153060467,+,"chrX:153,056,409-153,060,467 (+)"
ENSG00000147394.18,0.0,0.0,0,150,ZNF185,chrX,152914442,152973480,+,"chrX:152,914,442-152,973,480 (+)"
ENSG00000147383.10,0.0,0.0,0,150,NSDHL,chrX,152830967,152869729,+,"chrX:152,830,967-152,869,729 (+)"
ENSG00000147400.8,0.0,0.0,0,150,CETN2,chrX,152826973,152830777,-,"chrX:152,826,973-152,830,777 (-)"
ENSG00000102287.18,0.0,0.0,0,150,GABRE,chrX,151953124,151974680,-,"chrX:151,953,124-151,974,680 (-)"
ENSG00000130032.15,0.0,0.0,0,150,PRRG3,chrX,151695124,151705924,+,"chrX:151,695,124-151,705,924 (+)"
ENSG00000160131.13,0.0,0.0,0,150,VMA21,chrX,151396515,151409364,+,"chrX:151,396,515-151,409,364 (+)"
ENSG00000029993.14,0.0,0.0,0,150,HMGB3,chrX,150980509,150990775,+,"chrX:150,980,509-150,990,775 (+)"
ENSG00000102181.20,0.0,0.0,0,150,CD99L2,chrX,150766337,150898816,-,"chrX:150,766,337-150,898,816 (-)"
ENSG00000063601.16,0.0,0.0,0,150,MTMR1,chrX,150692971,150765103,+,"chrX:150,692,971-150,765,103 (+)"
ENSG00000171100.14,0.0,0.0,0,150,MTM1,chrX,150568619,150673322,+,"chrX:150,568,619-150,673,322 (+)"
ENSG00000013619.13,0.0,0.0,0,150,MAMLD1,chrX,150361422,150514178,+,"chrX:150,361,422-150,514,178 (+)"
ENSG00000197021.8,0.0,0.0,0,150,CXorf40B,chrX,149929527,149938811,-,"chrX:149,929,527-149,938,811 (-)"
ENSG00000283463.1,0.0,0.0,0,150,XX-FW81066F1.2,chrX,149929645,149931287,+,"chrX:149,929,645-149,931,287 (+)"
ENSG00000269556.7,0.0,0.0,0,150,TMEM185A,chrX,149596556,149631912,-,"chrX:149,596,556-149,631,912 (-)"
ENSG00000268738.2,0.0,0.0,0,150,HSFX2,chrX,149592515,149594716,-,"chrX:149,592,515-149,594,716 (-)"
ENSG00000197620.10,0.0,0.0,0,150,CXorf40A,chrX,149540355,149550510,+,"chrX:149,540,355-149,550,510 (+)"
ENSG00000283697.2,0.0,0.0,0,150,RP5-937E21.8,chrX,149548210,149549932,-,"chrX:149,548,210-149,549,932 (-)"
ENSG00000241489.7,0.0,0.0,0,150,AF011889.5,chrX,149482543,149533935,-,"chrX:149,482,543-149,533,935 (-)"
ENSG00000010404.17,0.0,0.0,0,150,IDS,chrX,149476990,149521096,-,"chrX:149,476,990-149,521,096 (-)"
ENSG00000102081.13,0.0,0.0,0,150,FMR1,chrX,147911951,147951125,+,"chrX:147,911,951-147,951,125 (+)"
ENSG00000179542.15,0.0,0.0,0,150,SLITRK4,chrX,143622790,143635777,-,"chrX:143,622,790-143,635,777 (-)"
ENSG00000182195.7,0.0,0.0,0,150,LDOC1,chrX,141175745,141177125,-,"chrX:141,175,745-141,177,125 (-)"
ENSG00000184258.6,0.0,0.0,0,150,CDR1,chrX,140782405,140784871,-,"chrX:140,782,405-140,784,871 (-)"
ENSG00000101974.14,0.0,0.0,0,150,ATP11C,chrX,139726346,139945276,-,"chrX:139,726,346-139,945,276 (-)"
ENSG00000129682.15,0.0,0.0,0,150,FGF13,chrX,138614731,139222777,-,"chrX:138,614,731-139,222,777 (-)"
ENSG00000147274.14,0.0,0.0,0,150,RBMX,chrX,136848004,136880764,-,"chrX:136,848,004-136,880,764 (-)"
ENSG00000129675.15,0.0,0.0,0,150,ARHGEF6,chrX,136665547,136782088,-,"chrX:136,665,547-136,782,088 (-)"
ENSG00000102245.7,0.0,0.0,0,150,CD40LG,chrX,136648193,136660390,+,"chrX:136,648,193-136,660,390 (+)"
ENSG00000102243.12,0.0,0.0,0,150,VGLL1,chrX,136532152,136556807,+,"chrX:136,532,152-136,556,807 (+)"
ENSG00000102241.11,0.0,0.0,0,150,HTATSF1,chrX,136497079,136512346,+,"chrX:136,497,079-136,512,346 (+)"
ENSG00000129680.15,0.0,0.0,0,150,MAP7D3,chrX,136213220,136256482,-,"chrX:136,213,220-136,256,482 (-)"
ENSG00000198689.10,0.0,0.0,0,150,SLC9A6,chrX,135973841,136047269,+,"chrX:135,973,841-136,047,269 (+)"
ENSG00000169446.5,0.0,0.0,0,150,MMGT1,chrX,135962070,135974063,-,"chrX:135,962,070-135,974,063 (-)"
ENSG00000165359.15,0.0,0.0,0,150,INTS6L,chrX,135520643,135582510,+,"chrX:135,520,643-135,582,510 (+)"
ENSG00000178947.8,0.0,0.0,0,150,SMIM10L2A,chrX,135421943,135428074,+,"chrX:135,421,943-135,428,074 (+)"
ENSG00000173275.12,0.0,0.0,0,150,ZNF449,chrX,135344796,135363152,+,"chrX:135,344,796-135,363,152 (+)"
ENSG00000186376.14,0.0,0.0,0,150,ZNF75D,chrX,135248920,135344087,-,"chrX:135,248,920-135,344,087 (-)"
ENSG00000196972.8,0.0,0.0,0,150,SMIM10L2B,chrX,135094987,135098634,-,"chrX:135,094,987-135,098,634 (-)"
ENSG00000203950.6,0.0,0.0,0,150,FAM127B,chrX,135050932,135052196,-,"chrX:135,050,932-135,052,196 (-)"
ENSG00000134590.13,0.0,0.0,0,150,FAM127A,chrX,135032366,135033546,+,"chrX:135,032,366-135,033,546 (+)"
ENSG00000212747.4,0.0,0.0,0,150,FAM127C,chrX,135020504,135022529,-,"chrX:135,020,504-135,022,529 (-)"
ENSG00000184785.5,0.0,0.0,0,150,SMIM10,chrX,134990938,134992473,+,"chrX:134,990,938-134,992,473 (+)"
ENSG00000101928.12,0.0,0.0,0,150,MOSPD1,chrX,134887626,134915267,-,"chrX:134,887,626-134,915,267 (-)"
ENSG00000156500.14,0.0,0.0,0,150,FAM122C,chrX,134796789,134854610,+,"chrX:134,796,789-134,854,610 (+)"
ENSG00000156504.16,0.0,0.0,0,150,FAM122B,chrX,134769566,134797232,-,"chrX:134,769,566-134,797,232 (-)"
ENSG00000170965.9,0.0,0.0,0,150,PLAC1,chrX,134565838,134764322,-,"chrX:134,565,838-134,764,322 (-)"
ENSG00000165704.14,0.0,0.0,0,150,HPRT1,chrX,134460153,134520513,+,"chrX:134,460,153-134,520,513 (+)"
ENSG00000156531.16,0.0,0.0,0,150,PHF6,chrX,134373253,134428791,+,"chrX:134,373,253-134,428,791 (+)"
ENSG00000203952.9,0.0,0.0,0,150,CCDC160,chrX,134237047,134246207,+,"chrX:134,237,047-134,246,207 (+)"
ENSG00000147257.13,0.0,0.0,0,150,GPC3,chrX,133535745,133985895,-,"chrX:133,535,745-133,985,895 (-)"
ENSG00000076716.8,0.0,0.0,0,150,GPC4,chrX,133300103,133415490,-,"chrX:133,300,103-133,415,490 (-)"
ENSG00000183434.9,0.0,0.0,0,150,TFDP3,chrX,133216669,133218348,-,"chrX:133,216,669-133,218,348 (-)"
ENSG00000171004.18,0.0,0.0,0,150,HS6ST2,chrX,132626016,132961395,-,"chrX:132,626,016-132,961,395 (-)"
ENSG00000076770.14,0.0,0.0,0,150,MBNL3,chrX,132369317,132489968,-,"chrX:132,369,317-132,489,968 (-)"
ENSG00000123728.9,0.0,0.0,0,150,RAP2C,chrX,132203024,132219480,-,"chrX:132,203,024-132,219,480 (-)"
ENSG00000134602.15,0.0,0.0,0,150,STK26,chrX,132023265,132075943,+,"chrX:132,023,265-132,075,943 (+)"
ENSG00000147255.18,0.0,0.0,0,150,IGSF1,chrX,131273506,131578899,-,"chrX:131,273,506-131,578,899 (-)"
ENSG00000147256.11,0.0,0.0,0,150,ARHGAP36,chrX,131058242,131089883,+,"chrX:131,058,242-131,089,883 (+)"
ENSG00000165675.16,0.0,0.0,0,150,ENOX2,chrX,130623369,130903317,-,"chrX:130,623,369-130,903,317 (-)"
ENSG00000134597.15,0.0,0.0,0,150,RBMX2,chrX,130401969,130413343,+,"chrX:130,401,969-130,413,343 (+)"
ENSG00000102078.15,0.0,0.0,0,150,SLC25A14,chrX,130339888,130373361,+,"chrX:130,339,888-130,373,361 (+)"
ENSG00000056277.15,0.0,0.0,0,150,ZNF280C,chrX,130202711,130268899,-,"chrX:130,202,711-130,268,899 (-)"
ENSG00000134594.4,0.0,0.0,0,150,RAB33A,chrX,130171649,130184870,+,"chrX:130,171,649-130,184,870 (+)"
ENSG00000156709.13,0.0,0.0,0,150,AIFM1,chrX,130129362,130165887,-,"chrX:130,129,362-130,165,887 (-)"
ENSG00000102034.16,0.0,0.0,0,150,ELF4,chrX,130064874,130110716,-,"chrX:130,064,874-130,110,716 (-)"
ENSG00000085185.15,0.0,0.0,0,150,BCORL1,chrX,129981107,130058083,+,"chrX:129,981,107-130,058,083 (+)"
ENSG00000156697.12,0.0,0.0,0,150,UTP14A,chrX,129906121,129929761,+,"chrX:129,906,121-129,929,761 (+)"
ENSG00000188706.12,0.0,0.0,0,150,ZDHHC9,chrX,129803288,129843909,-,"chrX:129,803,288-129,843,909 (-)"
ENSG00000122122.9,0.0,0.0,0,150,SASH3,chrX,129779979,129795201,+,"chrX:129,779,979-129,795,201 (+)"
ENSG00000122121.10,0.0,0.0,0,150,XPNPEP2,chrX,129738974,129769538,+,"chrX:129,738,974-129,769,538 (+)"
ENSG00000171388.11,0.0,0.0,0,150,APLN,chrX,129645259,129654937,-,"chrX:129,645,259-129,654,937 (-)"
ENSG00000122126.15,0.0,0.0,0,150,OCRL,chrX,129539849,129592561,+,"chrX:129,539,849-129,592,561 (+)"
ENSG00000102038.15,0.0,0.0,0,150,SMARCA1,chrX,129446501,129523500,-,"chrX:129,446,501-129,523,500 (-)"
ENSG00000198354.6,0.0,0.0,0,150,DCAF12L2,chrX,126163499,126166097,-,"chrX:126,163,499-126,166,097 (-)"
ENSG00000101972.18,0.0,0.0,0,150,STAG2,chrX,123960212,124422664,+,"chrX:123,960,212-124,422,664 (+)"
ENSG00000183918.15,0.0,0.0,0,150,SH2D1A,chrX,124227868,124373197,+,"chrX:124,227,868-124,373,197 (+)"
ENSG00000101966.12,0.0,0.0,0,150,XIAP,chrX,123859724,123913979,+,"chrX:123,859,724-123,913,979 (+)"
ENSG00000125676.19,0.0,0.0,0,150,THOC2,chrX,123600561,123733056,-,"chrX:123,600,561-123,733,056 (-)"
ENSG00000125675.17,0.0,0.0,0,150,GRIA3,chrX,123184153,123490915,+,"chrX:123,184,153-123,490,915 (+)"
ENSG00000182890.4,0.0,0.0,0,150,GLUD2,chrX,121047588,121050080,+,"chrX:121,047,588-121,050,080 (+)"
ENSG00000171155.7,0.0,0.0,0,150,C1GALT1C1,chrX,120625793,120630150,-,"chrX:120,625,793-120,630,150 (-)"
ENSG00000232119.7,0.0,0.0,0,150,MCTS1,chrX,120594010,120621074,+,"chrX:120,594,010-120,621,074 (+)"
ENSG00000158290.16,0.0,0.0,0,150,CUL4B,chrX,120524609,120575794,-,"chrX:120,524,609-120,575,794 (-)"
ENSG00000005893.15,0.0,0.0,0,150,LAMP2,chrX,120427827,120469365,-,"chrX:120,427,827-120,469,365 (-)"
ENSG00000125355.15,0.0,0.0,0,150,TMEM255A,chrX,120258650,120311556,-,"chrX:120,258,650-120,311,556 (-)"
ENSG00000177485.6,0.0,0.0,0,150,ZBTB33,chrX,120250752,120258398,+,"chrX:120,250,752-120,258,398 (+)"
ENSG00000101883.4,0.0,0.0,0,150,RHOXF1,chrX,120109053,120115937,-,"chrX:120,109,053-120,115,937 (-)"
ENSG00000101882.9,0.0,0.0,0,150,NKAP,chrX,119920672,119943772,-,"chrX:119,920,672-119,943,772 (-)"
ENSG00000125356.6,0.0,0.0,0,150,NDUFA1,chrX,119871487,119876662,+,"chrX:119,871,487-119,876,662 (+)"
ENSG00000125352.5,0.0,0.0,0,150,RNF113A,chrX,119870475,119871827,-,"chrX:119,870,475-119,871,827 (-)"
ENSG00000125351.11,0.0,0.0,0,150,UPF3B,chrX,119805311,119852998,-,"chrX:119,805,311-119,852,998 (-)"
ENSG00000198918.7,0.0,0.0,0,150,RPL39,chrX,119786504,119791643,-,"chrX:119,786,504-119,791,643 (-)"
ENSG00000187808.4,0.0,0.0,0,150,SOWAHD,chrX,119758613,119760164,+,"chrX:119,758,613-119,760,164 (+)"
ENSG00000125354.22,0.0,0.0,0,150,SEPT6,chrX,119615724,119693370,-,"chrX:119,615,724-119,693,370 (-)"
ENSG00000186416.13,0.0,0.0,0,150,NKRF,chrX,119588337,119605895,-,"chrX:119,588,337-119,605,895 (-)"
ENSG00000077721.15,0.0,0.0,0,150,UBE2A,chrX,119574467,119591083,+,"chrX:119,574,467-119,591,083 (+)"
ENSG00000018610.13,0.0,0.0,0,150,CXorf56,chrX,119538149,119565408,-,"chrX:119,538,149-119,565,408 (-)"
ENSG00000005022.5,0.0,0.0,0,150,SLC25A5,chrX,119468400,119471319,+,"chrX:119,468,400-119,471,319 (+)"
ENSG00000077713.18,0.0,0.0,0,150,SLC25A43,chrX,119399060,119454478,+,"chrX:119,399,060-119,454,478 (+)"
ENSG00000101856.9,0.0,0.0,0,150,PGRMC1,chrX,119236245,119244466,+,"chrX:119,236,245-119,244,466 (+)"
ENSG00000175556.16,0.0,0.0,0,150,LONRF3,chrX,118974614,119018355,+,"chrX:118,974,614-119,018,355 (+)"
ENSG00000131724.10,0.0,0.0,0,150,IL13RA1,chrX,118727572,118794539,+,"chrX:118,727,572-118,794,539 (+)"
ENSG00000147251.15,0.0,0.0,0,150,DOCK11,chrX,118495898,118686163,+,"chrX:118,495,898-118,686,163 (+)"
ENSG00000131725.13,0.0,0.0,0,150,WDR44,chrX,118346073,118449961,+,"chrX:118,346,073-118,449,961 (+)"
ENSG00000003096.14,0.0,0.0,0,150,KLHL13,chrX,117897813,118117340,-,"chrX:117,897,813-118,117,340 (-)"
ENSG00000268104.2,0.0,0.0,0,150,SLC6A14,chrX,116436622,116461458,+,"chrX:116,436,622-116,461,458 (+)"
ENSG00000102024.17,0.0,0.0,0,150,PLS3,chrX,115561174,115650861,+,"chrX:115,561,174-115,650,861 (+)"
ENSG00000130224.14,0.0,0.0,0,150,LRCH2,chrX,115110616,115234072,-,"chrX:115,110,616-115,234,072 (-)"
ENSG00000123496.7,0.0,0.0,0,150,IL13RA2,chrX,115003975,115019977,-,"chrX:115,003,975-115,019,977 (-)"
ENSG00000126016.15,0.0,0.0,0,150,AMOT,chrX,112774503,112840815,-,"chrX:112,774,503-112,840,815 (-)"
ENSG00000182508.13,0.0,0.0,0,150,LHFPL1,chrX,112630648,112680054,-,"chrX:112,630,648-112,680,054 (-)"
ENSG00000101901.11,0.0,0.0,0,150,ALG13,chrX,111665811,111760649,+,"chrX:111,665,811-111,760,649 (+)"
ENSG00000077274.8,0.0,0.0,0,150,CAPN6,chrX,111245103,111270523,-,"chrX:111,245,103-111,270,523 (-)"
ENSG00000077264.14,0.0,0.0,0,150,PAK3,chrX,110944285,111227361,+,"chrX:110,944,285-111,227,361 (+)"
ENSG00000101938.14,0.0,0.0,0,150,CHRDL1,chrX,110673856,110795819,-,"chrX:110,673,856-110,795,819 (-)"
ENSG00000101935.9,0.0,0.0,0,150,AMMECR1,chrX,110194186,110440233,-,"chrX:110,194,186-110,440,233 (-)"
ENSG00000157600.11,0.0,0.0,0,150,TMEM164,chrX,110002631,110182734,+,"chrX:110,002,631-110,182,734 (+)"
ENSG00000068366.19,0.0,0.0,0,150,ACSL4,chrX,109624244,109733403,-,"chrX:109,624,244-109,733,403 (-)"
ENSG00000101888.11,0.0,0.0,0,150,NXT2,chrX,109535781,109544690,+,"chrX:109,535,781-109,544,690 (+)"
ENSG00000188153.12,0.0,0.0,0,150,COL4A5,chrX,108439844,108697545,+,"chrX:108,439,844-108,697,545 (+)"
ENSG00000197565.15,0.0,0.0,0,150,COL4A6,chrX,108155607,108439497,-,"chrX:108,155,607-108,439,497 (-)"
ENSG00000101844.17,0.0,0.0,0,150,ATG4A,chrX,108091668,108154671,+,"chrX:108,091,668-108,154,671 (+)"
ENSG00000101843.18,0.0,0.0,0,150,PSMD10,chrX,108084207,108091618,-,"chrX:108,084,207-108,091,618 (-)"
ENSG00000080561.13,0.0,0.0,0,150,MID2,chrX,107825755,107927193,+,"chrX:107,825,755-107,927,193 (+)"
ENSG00000170935.7,0.0,0.0,0,150,NCBP2L,chrX,107774899,107795829,+,"chrX:107,774,899-107,795,829 (+)"
ENSG00000157514.16,0.0,0.0,0,150,TSC22D3,chrX,107713221,107777342,-,"chrX:107,713,221-107,777,342 (-)"
ENSG00000147224.10,0.0,0.0,0,150,PRPS1,chrX,107628424,107651026,+,"chrX:107,628,424-107,651,026 (+)"
ENSG00000147234.10,0.0,0.0,0,150,FRMPD3,chrX,107522450,107605251,+,"chrX:107,522,450-107,605,251 (+)"
ENSG00000198088.10,0.0,0.0,0,150,NUP62CL,chrX,107123427,107206433,-,"chrX:107,123,427-107,206,433 (-)"
ENSG00000089682.16,0.0,0.0,0,150,RBM41,chrX,107064420,107118823,-,"chrX:107,064,420-107,118,823 (-)"
ENSG00000133131.14,0.0,0.0,0,150,MORC4,chrX,106813871,107000244,-,"chrX:106,813,871-107,000,244 (-)"
ENSG00000133138.19,0.0,0.0,0,150,TBC1D8B,chrX,106802680,106876145,+,"chrX:106,802,680-106,876,145 (+)"
ENSG00000133135.13,0.0,0.0,0,150,RNF128,chrX,106693794,106796993,+,"chrX:106,693,794-106,796,993 (+)"
ENSG00000147231.13,0.0,0.0,0,150,CXorf57,chrX,106611930,106679442,+,"chrX:106,611,930-106,679,442 (+)"
ENSG00000157502.13,0.0,0.0,0,150,MUM1L1,chrX,106168305,106208956,+,"chrX:106,168,305-106,208,956 (+)"
ENSG00000123572.16,0.0,0.0,0,150,NRK,chrX,105822543,105958610,+,"chrX:105,822,543-105,958,610 (+)"
ENSG00000123575.8,0.0,0.0,0,150,FAM199X,chrX,104166620,104195902,+,"chrX:104,166,620-104,195,902 (+)"
ENSG00000269743.2,0.0,0.0,0,150,SLC25A53,chrX,104099214,104157027,-,"chrX:104,099,214-104,157,027 (-)"
ENSG00000166707.10,0.0,0.0,0,150,ZCCHC18,chrX,104112131,104115846,+,"chrX:104,112,131-104,115,846 (+)"
ENSG00000269226.7,0.0,0.0,0,150,RP11-722G7.1,chrX,104063871,104076212,-,"chrX:104,063,871-104,076,212 (-)"
ENSG00000123570.3,0.0,0.0,0,150,RAB9B,chrX,103822322,103832228,-,"chrX:103,822,322-103,832,228 (-)"
ENSG00000123560.13,0.0,0.0,0,150,PLP1,chrX,103773718,103792619,+,"chrX:103,773,718-103,792,619 (+)"
ENSG00000179363.6,0.0,0.0,0,150,TMEM31,chrX,103710909,103714028,+,"chrX:103,710,909-103,714,028 (+)"
ENSG00000123562.16,0.0,0.0,0,150,MORF4L2,chrX,103675496,103688158,-,"chrX:103,675,496-103,688,158 (-)"
ENSG00000172465.13,0.0,0.0,0,150,TCEAL1,chrX,103628704,103630953,+,"chrX:103,628,704-103,630,953 (+)"
ENSG00000196507.10,0.0,0.0,0,150,TCEAL3,chrX,103607451,103629690,+,"chrX:103,607,451-103,629,690 (+)"
ENSG00000133142.17,0.0,0.0,0,150,TCEAL4,chrX,103576231,103587736,+,"chrX:103,576,231-103,587,736 (+)"
ENSG00000166681.13,0.0,0.0,0,150,BEX3,chrX,103376340,103378077,+,"chrX:103,376,340-103,378,077 (+)"
ENSG00000185222.8,0.0,0.0,0,150,TCEAL9,chrX,103356452,103358451,+,"chrX:103,356,452-103,358,451 (+)"
ENSG00000182916.7,0.0,0.0,0,150,TCEAL7,chrX,103330196,103332326,+,"chrX:103,330,196-103,332,326 (+)"
ENSG00000133134.11,0.0,0.0,0,150,BEX2,chrX,103309346,103311046,-,"chrX:103,309,346-103,311,046 (-)"
ENSG00000204065.2,0.0,0.0,0,150,TCEAL5,chrX,103273691,103276872,-,"chrX:103,273,691-103,276,872 (-)"
ENSG00000180964.16,0.0,0.0,0,150,TCEAL8,chrX,103252995,103255203,-,"chrX:103,252,995-103,255,203 (-)"
ENSG00000102409.9,0.0,0.0,0,150,BEX4,chrX,103215092,103217246,+,"chrX:103,215,092-103,217,246 (+)"
ENSG00000133169.5,0.0,0.0,0,150,BEX1,chrX,103062651,103064240,-,"chrX:103,062,651-103,064,240 (-)"
ENSG00000198908.11,0.0,0.0,0,150,BHLHB9,chrX,102720688,102753540,+,"chrX:102,720,688-102,753,540 (+)"
ENSG00000158301.18,0.0,0.0,0,150,GPRASP2,chrX,102712176,102717733,+,"chrX:102,712,176-102,717,733 (+)"
ENSG00000198932.12,0.0,0.0,0,150,GPRASP1,chrX,102651366,102659083,+,"chrX:102,651,366-102,659,083 (+)"
ENSG00000125962.14,0.0,0.0,0,150,ARMCX5,chrX,102599168,102604159,+,"chrX:102,599,168-102,604,159 (+)"
ENSG00000158164.6,0.0,0.0,0,150,TMSB15A,chrX,102513676,102516784,-,"chrX:102,513,676-102,516,784 (-)"
ENSG00000184515.10,0.0,0.0,0,150,BEX5,chrX,102153708,102156057,-,"chrX:102,153,708-102,156,057 (-)"
ENSG00000204071.10,0.0,0.0,0,150,TCEAL6,chrX,102140476,102142970,-,"chrX:102,140,476-102,142,970 (-)"
ENSG00000184905.8,0.0,0.0,0,150,TCEAL2,chrX,102125688,102127711,+,"chrX:102,125,688-102,127,711 (+)"
ENSG00000166432.14,0.0,0.0,0,150,ZMAT1,chrX,101882288,101932031,-,"chrX:101,882,288-101,932,031 (-)"
ENSG00000184867.13,0.0,0.0,0,150,ARMCX2,chrX,101655281,101659891,-,"chrX:101,655,281-101,659,891 (-)"
ENSG00000102401.19,0.0,0.0,0,150,ARMCX3,chrX,101622797,101627843,+,"chrX:101,622,797-101,627,843 (+)"
ENSG00000198960.10,0.0,0.0,0,150,ARMCX6,chrX,101615118,101618001,-,"chrX:101,615,118-101,618,001 (-)"
ENSG00000126947.12,0.0,0.0,0,150,ARMCX1,chrX,101550531,101554700,+,"chrX:101,550,531-101,554,700 (+)"
ENSG00000196440.11,0.0,0.0,0,150,ARMCX4,chrX,101418287,101533459,+,"chrX:101,418,287-101,533,459 (+)"
ENSG00000126945.8,0.0,0.0,0,150,HNRNPH2,chrX,101408295,101414133,+,"chrX:101,408,295-101,414,133 (+)"
ENSG00000257529.5,0.0,0.0,0,150,RPL36A-HNRNPH2,chrX,101391011,101412297,+,"chrX:101,391,011-101,412,297 (+)"
ENSG00000102393.9,0.0,0.0,0,150,GLA,chrX,101397803,101407925,-,"chrX:101,397,803-101,407,925 (-)"
ENSG00000241343.9,0.0,0.0,0,150,RPL36A,chrX,101390824,101396154,+,"chrX:101,390,824-101,396,154 (+)"
ENSG00000010671.15,0.0,0.0,0,150,BTK,chrX,101349447,101390796,-,"chrX:101,349,447-101,390,796 (-)"
ENSG00000126953.5,0.0,0.0,0,150,TIMM8A,chrX,101345661,101349196,-,"chrX:101,345,661-101,349,196 (-)"
ENSG00000102384.13,0.0,0.0,0,150,CENPI,chrX,101098218,101163681,+,"chrX:101,098,218-101,163,681 (+)"
ENSG00000126950.7,0.0,0.0,0,150,TMEM35A,chrX,101078720,101096364,+,"chrX:101,078,720-101,096,364 (+)"
ENSG00000188917.14,0.0,0.0,0,150,TRMT2B,chrX,101009346,101052116,-,"chrX:101,009,346-101,052,116 (-)"
ENSG00000007952.17,0.0,0.0,0,150,NOX1,chrX,100843324,100874345,-,"chrX:100,843,324-100,874,345 (-)"
ENSG00000101811.13,0.0,0.0,0,150,CSTF2,chrX,100820359,100840932,+,"chrX:100,820,359-100,840,932 (+)"
ENSG00000102362.15,0.0,0.0,0,150,SYTL4,chrX,100674491,100732123,-,"chrX:100,674,491-100,732,123 (-)"
ENSG00000102359.6,0.0,0.0,0,150,SRPX2,chrX,100644166,100675788,+,"chrX:100,644,166-100,675,788 (+)"
ENSG00000000003.14,0.0,0.0,0,150,TSPAN6,chrX,100627109,100639991,-,"chrX:100,627,109-100,639,991 (-)"
ENSG00000000005.5,0.0,0.0,0,150,TNMD,chrX,100584802,100599885,+,"chrX:100,584,802-100,599,885 (+)"
ENSG00000165194.15,0.0,0.0,0,150,PCDH19,chrX,100291644,100410273,-,"chrX:100,291,644-100,410,273 (-)"
ENSG00000147202.17,0.0,0.0,0,150,DIAPH2,chrX,96684663,97604997,+,"chrX:96,684,663-97,604,997 (+)"
ENSG00000186310.9,0.0,0.0,0,150,NAP1L3,chrX,93670930,93673568,-,"chrX:93,670,930-93,673,568 (-)"
ENSG00000174740.7,0.0,0.0,0,150,PABPC5,chrX,91434595,91438584,+,"chrX:91,434,595-91,438,584 (+)"
ENSG00000188419.13,0.0,0.0,0,150,CHM,chrX,85861180,86047562,-,"chrX:85,861,180-86,047,562 (-)"
ENSG00000124429.17,0.0,0.0,0,150,POF1B,chrX,85277396,85379743,-,"chrX:85,277,396-85,379,743 (-)"
ENSG00000147180.16,0.0,0.0,0,150,ZNF711,chrX,85244032,85273362,+,"chrX:85,244,032-85,273,362 (+)"
ENSG00000184788.12,0.0,0.0,0,150,SATL1,chrX,85092287,85109048,-,"chrX:85,092,287-85,109,048 (-)"
ENSG00000155008.13,0.0,0.0,0,150,APOOL,chrX,85003826,85093316,+,"chrX:85,003,826-85,093,316 (+)"
ENSG00000165259.13,0.0,0.0,0,150,HDX,chrX,84317874,84502479,-,"chrX:84,317,874-84,502,479 (-)"
ENSG00000072133.10,0.0,0.0,0,150,RPS6KA6,chrX,84058346,84187907,-,"chrX:84,058,346-84,187,907 (-)"
ENSG00000131171.12,0.0,0.0,0,150,SH3BGRL,chrX,81201943,81298547,+,"chrX:81,201,943-81,298,547 (+)"
ENSG00000198157.10,0.0,0.0,0,150,HMGN5,chrX,81113701,81201942,-,"chrX:81,113,701-81,201,942 (-)"
ENSG00000165288.10,0.0,0.0,0,150,BRWD3,chrX,80670854,80809688,-,"chrX:80,670,854-80,809,688 (-)"
ENSG00000078596.10,0.0,0.0,0,150,ITM2A,chrX,79360384,79367667,-,"chrX:79,360,384-79,367,667 (-)"
ENSG00000147138.1,0.0,0.0,0,150,GPR174,chrX,79170972,79172229,+,"chrX:79,170,972-79,172,229 (+)"
ENSG00000078589.12,0.0,0.0,0,150,P2RY10,chrX,78945332,78961954,+,"chrX:78,945,332-78,961,954 (+)"
ENSG00000147145.12,0.0,0.0,0,150,LPAR4,chrX,78747709,78757094,+,"chrX:78,747,709-78,757,094 (+)"
ENSG00000173198.5,0.0,0.0,0,150,CYSLTR1,chrX,78271464,78327691,-,"chrX:78,271,464-78,327,691 (-)"
ENSG00000187325.4,0.0,0.0,0,150,TAF9B,chrX,78129748,78139706,-,"chrX:78,129,748-78,139,706 (-)"
ENSG00000102144.13,0.0,0.0,0,150,PGK1,chrX,78065188,78129296,+,"chrX:78,065,188-78,129,296 (+)"
ENSG00000165240.18,0.0,0.0,0,150,ATP7A,chrX,77910656,78050395,+,"chrX:77,910,656-78,050,395 (+)"
ENSG00000226784.2,0.0,0.0,0,150,PGAM4,chrX,77968874,77969638,-,"chrX:77,968,874-77,969,638 (-)"
