gene,selection_freq,direction_consistency,times_selected,n_bootstraps,symbol,chrom,start,end,strand,gene_type,mean_normal,mean_tumor,delta,locus
ENSG00000149451.17,1.0,1.0,150,150,ADAM33,chr20,3667965,3682246,-,protein_coding,0.8358673,-1.1929793,-2.0288467,"chr20:3,667,965-3,682,246 (-)"
ENSG00000154529.14,1.0,1.0,150,150,CNTNAP3B,chr9,41890314,42129510,-,protein_coding,-0.6760112,-1.6640828,-0.98807156,"chr9:41,890,314-42,129,510 (-)"
ENSG00000154263.17,1.0,1.0,150,150,ABCA10,chr17,69147214,69244846,-,protein_coding,-0.0392866,-1.5933812,-1.5540946,"chr17:69,147,214-69,244,846 (-)"
ENSG00000123500.9,1.0,1.0,150,150,COL10A1,chr6,116118923,116158747,-,protein_coding,-1.7976793,1.0445279,2.8422072,"chr6:116,118,923-116,158,747 (-)"
ENSG00000165810.16,1.0,1.0,150,150,BTNL9,chr5,181040225,181061523,+,protein_coding,1.4374135,-1.0123351,-2.4497485,"chr5:181,040,225-181,061,523 (+)"
ENSG00000197769.5,1.0,1.0,150,150,MAP1LC3C,chr1,241995490,241999073,-,protein_coding,0.06157352,-1.4865127,-1.5480862,"chr1:241,995,490-241,999,073 (-)"
ENSG00000155970.11,1.0,1.0,150,150,MICU3,chr8,17027238,17122644,+,protein_coding,-0.43015465,-1.4098065,-0.9796518,"chr8:17,027,238-17,122,644 (+)"
ENSG00000099953.9,1.0,1.0,150,150,MMP11,chr22,23768226,23784316,+,protein_coding,-1.0718334,1.5768676,2.648701,"chr22:23,768,226-23,784,316 (+)"
ENSG00000165197.4,1.0,1.0,150,150,VEGFD,chrX,15345591,15384376,-,protein_coding,0.64697105,-1.4488772,-2.0958483,"chrX:15,345,591-15,384,376 (-)"
ENSG00000164849.9,1.0,1.0,150,150,GPR146,chr7,1044576,1059261,+,protein_coding,0.6341515,-0.71617496,-1.3503265,"chr7:1,044,576-1,059,261 (+)"
ENSG00000105011.8,1.0,1.0,150,150,ASF1B,chr19,14119509,14136956,-,protein_coding,-1.1630789,0.47456723,1.6376462,"chr19:14,119,509-14,136,956 (-)"
ENSG00000266964.5,1.0,1.0,150,150,FXYD1,chr19,35138808,35143109,+,protein_coding,0.92132026,-0.98164403,-1.9029644,"chr19:35,138,808-35,143,109 (+)"
ENSG00000153902.13,1.0,1.0,150,150,LGI4,chr19,35124513,35142451,-,protein_coding,0.21912964,-1.2559985,-1.4751282,"chr19:35,124,513-35,142,451 (-)"
ENSG00000136158.11,1.0,1.0,150,150,SPRY2,chr13,80335976,80340951,-,protein_coding,1.2970864,-0.2500659,-1.5471523,"chr13:80,335,976-80,340,951 (-)"
ENSG00000137727.12,1.0,1.0,150,150,ARHGAP20,chr11,110577042,110713189,-,protein_coding,-0.4250206,-1.420467,-0.99544644,"chr11:110,577,042-110,713,189 (-)"
ENSG00000186642.15,1.0,1.0,150,150,PDE2A,chr11,72576141,72674591,-,protein_coding,0.7570158,-0.9525021,-1.709518,"chr11:72,576,141-72,674,591 (-)"
ENSG00000177363.4,1.0,1.0,150,150,LRRN4CL,chr11,62686402,62689899,-,protein_coding,0.30500644,-1.1734086,-1.478415,"chr11:62,686,402-62,689,899 (-)"
ENSG00000133800.8,1.0,1.0,150,150,LYVE1,chr11,10556966,10611689,-,protein_coding,1.0247211,-1.1518904,-2.1766114,"chr11:10,556,966-10,611,689 (-)"
ENSG00000169418.9,1.0,1.0,150,150,NPR1,chr1,153678637,153693992,+,protein_coding,0.96691895,-0.6949828,-1.6619017,"chr1:153,678,637-153,693,992 (+)"
ENSG00000159433.11,1.0,1.0,150,150,STARD9,chr15,42575659,42720981,+,protein_coding,-0.3258591,-1.3519291,-1.02607,"chr15:42,575,659-42,720,981 (+)"
ENSG00000141338.13,1.0,1.0,150,150,ABCA8,chr17,68867292,68955392,-,protein_coding,0.31355822,-1.2870095,-1.6005677,"chr17:68,867,292-68,955,392 (-)"
ENSG00000117650.12,1.0,1.0,150,150,NEK2,chr1,211658657,211675630,-,protein_coding,-1.7254468,0.17900516,1.904452,"chr1:211,658,657-211,675,630 (-)"
ENSG00000187800.13,1.0,1.0,150,150,PEAR1,chr1,156893698,156916434,+,protein_coding,0.48954442,-0.8551573,-1.3447018,"chr1:156,893,698-156,916,434 (+)"
ENSG00000161649.12,1.0,1.0,150,150,CD300LG,chr17,43847148,43863629,+,protein_coding,0.89651823,-1.4598747,-2.3563929,"chr17:43,847,148-43,863,629 (+)"
ENSG00000167434.9,1.0,1.0,150,150,CA4,chr17,60149936,60170899,+,protein_coding,0.4571924,-1.7054831,-2.1626754,"chr17:60,149,936-60,170,899 (+)"
ENSG00000119771.14,1.0,1.0,150,150,KLHL29,chr2,23385217,23708611,+,protein_coding,-0.31947613,-1.3901874,-1.0707113,"chr2:23,385,217-23,708,611 (+)"
ENSG00000168874.12,1.0,1.0,150,150,ATOH8,chr2,85751344,85788066,+,protein_coding,0.11520034,-1.4548187,-1.570019,"chr2:85,751,344-85,788,066 (+)"
ENSG00000124440.15,1.0,1.0,150,150,HIF3A,chr19,46297046,46343433,+,protein_coding,-0.07989048,-1.7503387,-1.6704482,"chr19:46,297,046-46,343,433 (+)"
ENSG00000154258.16,1.0,1.0,150,150,ABCA9,chr17,68974488,69061064,-,protein_coding,0.47363612,-1.324013,-1.7976491,"chr17:68,974,488-69,061,064 (-)"
ENSG00000168079.16,1.0,1.0,150,150,SCARA5,chr8,27869882,27992727,-,protein_coding,0.89017093,-1.3559269,-2.2460978,"chr8:27,869,882-27,992,727 (-)"
ENSG00000154262.12,1.0,1.0,150,150,ABCA6,chr17,69078702,69141888,-,protein_coding,-0.1364574,-1.373139,-1.2366816,"chr17:69,078,702-69,141,888 (-)"
ENSG00000088325.15,0.9933333333333333,1.0,149,150,TPX2,chr20,31739271,31801805,+,protein_coding,-1.0822153,0.8242514,1.9064667,"chr20:31,739,271-31,801,805 (+)"
ENSG00000166803.11,0.9866666666666667,1.0,148,150,PCLAF,chr15,64364311,64387687,-,protein_coding,-1.6014998,-0.07485448,1.5266453,"chr15:64,364,311-64,387,687 (-)"
ENSG00000277494.1,0.98,1.0,147,150,GPIHBP1,chr8,143213193,143217170,+,protein_coding,0.9692735,-0.962753,-1.9320265,"chr8:143,213,193-143,217,170 (+)"
ENSG00000168477.17,0.98,1.0,147,150,TNXB,chr6,32041154,32115334,-,protein_coding,0.8740527,-0.8758186,-1.7498713,"chr6:32,041,154-32,115,334 (-)"
ENSG00000168497.4,0.96,1.0,144,150,SDPR,chr2,191834302,191847255,-,protein_coding,1.4060087,-0.6082114,-2.0142202,"chr2:191,834,302-191,847,255 (-)"
ENSG00000248144.5,0.9533333333333334,1.0,143,150,ADH1C,chr4,99336492,99353027,-,protein_coding,0.78809303,-1.222782,-2.010875,"chr4:99,336,492-99,353,027 (-)"
ENSG00000072163.19,0.9466666666666667,1.0,142,150,LIMS2,chr2,127638381,127681786,-,protein_coding,0.67144054,-0.58986,-1.2613006,"chr2:127,638,381-127,681,786 (-)"
ENSG00000137804.12,0.8933333333333333,1.0,134,150,NUSAP1,chr15,41332694,41381050,+,protein_coding,-0.95108,0.68526804,1.636348,"chr15:41,332,694-41,381,050 (+)"
ENSG00000181234.9,0.8866666666666667,1.0,133,150,TMEM132C,chr12,128267403,128707915,+,protein_coding,0.18243782,-1.4912852,-1.673723,"chr12:128,267,403-128,707,915 (+)"
ENSG00000180660.7,0.86,1.0,129,150,MAB21L1,chr13,35474182,35477209,-,protein_coding,-0.20781381,-1.4006258,-1.192812,"chr13:35,474,182-35,477,209 (-)"
ENSG00000123975.4,0.8466666666666667,1.0,127,150,CKS2,chr9,89311198,89316703,+,protein_coding,0.049424578,1.5243758,1.4749513,"chr9:89,311,198-89,316,703 (+)"
ENSG00000077152.9,0.78,1.0,117,150,UBE2T,chr1,202331657,202341980,-,protein_coding,-1.0559704,0.55770874,1.6136792,"chr1:202,331,657-202,341,980 (-)"
ENSG00000135424.15,0.7733333333333333,1.0,116,150,ITGA7,chr12,55684568,55716043,-,protein_coding,1.1434162,-0.66523594,-1.8086522,"chr12:55,684,568-55,716,043 (-)"
ENSG00000129467.13,0.7,1.0,105,150,ADCY4,chr14,24318349,24335093,-,protein_coding,0.4755709,-0.8807649,-1.3563358,"chr14:24,318,349-24,335,093 (-)"
ENSG00000163239.12,0.6066666666666667,1.0,91,150,TDRD10,chr1,154502219,154548147,+,protein_coding,-0.4566926,-1.5440862,-1.0873936,"chr1:154,502,219-154,548,147 (+)"
ENSG00000143476.17,0.48,1.0,72,150,DTL,chr1,212035553,212107400,+,protein_coding,-1.5047928,0.04756744,1.5523603,"chr1:212,035,553-212,107,400 (+)"
ENSG00000169252.5,0.44,1.0,66,150,ADRB2,chr5,148825245,148828687,+,protein_coding,0.20200148,-1.1632385,-1.36524,"chr5:148,825,245-148,828,687 (+)"
ENSG00000163884.3,0.4266666666666667,1.0,64,150,KLF15,chr3,126342635,126357442,-,protein_coding,0.4081298,-1.2469149,-1.6550447,"chr3:126,342,635-126,357,442 (-)"
ENSG00000179094.15,0.4,1.0,60,150,PER1,chr17,8140472,8156506,-,protein_coding,1.575791,-0.08869282,-1.6644838,"chr17:8,140,472-8,156,506 (-)"
ENSG00000167779.7,0.36666666666666664,1.0,55,150,IGFBP6,chr12,53097436,53102345,+,protein_coding,1.8967006,0.085262924,-1.8114377,"chr12:53,097,436-53,102,345 (+)"
ENSG00000198932.12,0.3333333333333333,1.0,50,150,GPRASP1,chrX,102651366,102659083,+,protein_coding,0.19404285,-0.9701417,-1.1641846,"chrX:102,651,366-102,659,083 (+)"
ENSG00000117724.12,0.3333333333333333,1.0,50,150,CENPF,chr1,214603195,214664588,+,protein_coding,-1.4245983,0.3351731,1.7597715,"chr1:214,603,195-214,664,588 (+)"
ENSG00000131747.14,0.32,1.0,48,150,TOP2A,chr17,40388516,40417950,-,protein_coding,-1.1836299,0.8756854,2.0593152,"chr17:40,388,516-40,417,950 (-)"
ENSG00000137225.12,0.31333333333333335,1.0,47,150,CAPN11,chr6,44158811,44184402,+,protein_coding,-0.5030411,-1.4937998,-0.9907587,"chr6:44,158,811-44,184,402 (+)"
ENSG00000211445.11,0.29333333333333333,1.0,44,150,GPX3,chr5,151020438,151028993,+,protein_coding,3.1306102,0.71237105,-2.418239,"chr5:151,020,438-151,028,993 (+)"
ENSG00000168490.13,0.29333333333333333,1.0,44,150,PHYHIP,chr8,22219704,22232341,-,protein_coding,-0.33317927,-1.4774804,-1.1443012,"chr8:22,219,704-22,232,341 (-)"
ENSG00000163431.12,0.2733333333333333,1.0,41,150,LMOD1,chr1,201896452,201946588,-,protein_coding,1.6378201,0.0126215,-1.6251986,"chr1:201,896,452-201,946,588 (-)"
ENSG00000134057.14,0.22,1.0,33,150,CCNB1,chr5,69167010,69178245,+,protein_coding,-0.53456265,0.85876906,1.3933318,"chr5:69,167,010-69,178,245 (+)"
ENSG00000187824.8,0.19333333333333333,1.0,29,150,TMEM220,chr17,10699015,10730316,-,protein_coding,-0.11816311,-1.0481018,-0.9299387,"chr17:10,699,015-10,730,316 (-)"
ENSG00000090889.11,0.14666666666666667,1.0,22,150,KIF4A,chrX,70290090,70420832,+,protein_coding,-1.702502,-0.041615535,1.6608865,"chrX:70,290,090-70,420,832 (+)"
ENSG00000175063.16,0.12666666666666668,1.0,19,150,UBE2C,chr20,45812576,45816957,+,protein_coding,-1.1782298,0.93163854,2.1098683,"chr20:45,812,576-45,816,957 (+)"
ENSG00000183807.7,0.12,1.0,18,150,FAM162B,chr6,116752197,116765723,-,protein_coding,-0.13549389,-1.2472041,-1.1117102,"chr6:116,752,197-116,765,723 (-)"
ENSG00000162407.8,0.12,1.0,18,150,PLPP3,chr1,56494747,56645301,-,protein_coding,1.6991148,0.5297897,-1.1693251,"chr1:56,494,747-56,645,301 (-)"
ENSG00000183155.4,0.08666666666666667,1.0,13,150,RABIF,chr1,202878957,202889135,-,protein_coding,-0.34675238,0.4956355,0.8423879,"chr1:202,878,957-202,889,135 (-)"
ENSG00000181856.14,0.08,1.0,12,150,SLC2A4,chr17,7281667,7288257,+,protein_coding,-0.07518438,-1.466297,-1.3911127,"chr17:7,281,667-7,288,257 (+)"
ENSG00000169744.12,0.08,1.0,12,150,LDB2,chr4,16501541,16898809,-,protein_coding,0.66941315,-0.44602907,-1.1154423,"chr4:16,501,541-16,898,809 (-)"
ENSG00000101280.7,0.07333333333333333,1.0,11,150,ANGPT4,chr20,869899,916317,-,protein_coding,-0.73801583,-1.7869173,-1.0489016,"chr20:869,899-916,317 (-)"
ENSG00000172987.12,0.05333333333333334,1.0,8,150,HPSE2,chr10,98457077,99235862,-,protein_coding,-0.5572068,-1.6731268,-1.1159201,"chr10:98,457,077-99,235,862 (-)"
ENSG00000124615.17,0.04,1.0,6,150,MOCS1,chr6,39899578,39934551,-,protein_coding,0.8673075,-0.2205536,-1.0878611,"chr6:39,899,578-39,934,551 (-)"
ENSG00000154134.14,0.03333333333333333,1.0,5,150,ROBO3,chr11,124865386,124881470,+,protein_coding,-0.20868781,-1.2887318,-1.080044,"chr11:124,865,386-124,881,470 (+)"
ENSG00000276043.4,0.03333333333333333,1.0,5,150,UHRF1,chr19,4903080,4962154,+,protein_coding,-1.5874407,-0.12223893,1.4652019,"chr19:4,903,080-4,962,154 (+)"
ENSG00000171848.13,0.02666666666666667,1.0,4,150,RRM2,chr2,10122328,10131419,+,protein_coding,-1.4700471,0.3504093,1.8204564,"chr2:10,122,328-10,131,419 (+)"
ENSG00000183010.16,0.02,1.0,3,150,PYCR1,chr17,81932384,81942412,-,protein_coding,0.012453027,1.3900768,1.3776237,"chr17:81,932,384-81,942,412 (-)"
ENSG00000122952.16,0.02,1.0,3,150,ZWINT,chr10,56357228,56361275,-,protein_coding,-0.6336434,0.7573925,1.3910359,"chr10:56,357,228-56,361,275 (-)"
ENSG00000130307.11,0.02,1.0,3,150,USHBP1,chr19,17249176,17282786,-,protein_coding,-0.2735649,-1.3258008,-1.0522358,"chr19:17,249,176-17,282,786 (-)"
ENSG00000128918.14,0.013333333333333334,1.0,2,150,ALDH1A2,chr15,57953424,58497866,-,protein_coding,-0.56543916,-1.4733778,-0.90793866,"chr15:57,953,424-58,497,866 (-)"
ENSG00000165269.12,0.013333333333333334,1.0,2,150,AQP7,chr9,33383179,33402682,-,protein_coding,0.66960955,-1.3722551,-2.0418646,"chr9:33,383,179-33,402,682 (-)"
ENSG00000101955.14,0.013333333333333334,1.0,2,150,SRPX,chrX,38149336,38220924,-,protein_coding,1.882441,0.16377267,-1.7186683,"chrX:38,149,336-38,220,924 (-)"
ENSG00000127564.16,0.006666666666666667,1.0,1,150,PKMYT1,chr16,2968024,2980539,-,protein_coding,-0.95366395,0.45844528,1.4121093,"chr16:2,968,024-2,980,539 (-)"
ENSG00000022267.16,0.006666666666666667,1.0,1,150,FHL1,chrX,136146702,136211359,+,protein_coding,1.9387041,-0.050298095,-1.9890022,"chrX:136,146,702-136,211,359 (+)"
ENSG00000079462.7,0.006666666666666667,1.0,1,150,PAFAH1B3,chr19,42297033,42303546,-,protein_coding,0.17252885,1.4290426,1.2565137,"chr19:42,297,033-42,303,546 (-)"
ENSG00000152580.8,0.006666666666666667,1.0,1,150,IGSF10,chr3,151425384,151458709,-,protein_coding,-0.122537605,-1.2423081,-1.1197705,"chr3:151,425,384-151,458,709 (-)"
ENSG00000106714.17,0.006666666666666667,1.0,1,150,CNTNAP3,chr9,39072767,39288315,-,protein_coding,-0.7292158,-1.6074895,-0.87827367,"chr9:39,072,767-39,288,315 (-)"
ENSG00000266524.2,0.006666666666666667,1.0,1,150,GDF10,chr10,47300386,47313547,+,protein_coding,-0.0299886,-1.446378,-1.4163893,"chr10:47,300,386-47,313,547 (+)"
ENSG00000184113.9,0.006666666666666667,1.0,1,150,CLDN5,chr22,19523024,19527545,-,protein_coding,1.4713672,-0.5645503,-2.0359175,"chr22:19,523,024-19,527,545 (-)"
ENSG00000101986.11,0.0,0.0,0,150,ABCD1,chrX,153724868,153744762,+,protein_coding,0.0098080095,0.05549661,0.0456886,"chrX:153,724,868-153,744,762 (+)"
ENSG00000185825.15,0.0,0.0,0,150,BCAP31,chrX,153700497,153724697,-,protein_coding,2.0175226,2.05471,0.037187338,"chrX:153,700,497-153,724,697 (-)"
ENSG00000130821.15,0.0,0.0,0,150,SLC6A8,chrX,153688099,153696593,+,protein_coding,0.3515197,0.36108357,0.009563863,"chrX:153,688,099-153,696,593 (+)"
ENSG00000130822.15,0.0,0.0,0,150,PNCK,chrX,153669730,153689010,-,protein_coding,-1.7592036,-1.4158282,0.34337533,"chrX:153,669,730-153,689,010 (-)"
ENSG00000130829.17,0.0,0.0,0,150,DUSP9,chrX,153642492,153651326,+,protein_coding,-1.6521274,-1.5167103,0.1354171,"chrX:153,642,492-153,651,326 (+)"
ENSG00000262919.7,0.0,0.0,0,150,FAM58A,chrX,153587919,153600045,-,protein_coding,0.23645699,0.4007903,0.16433331,"chrX:153,587,919-153,600,045 (-)"
ENSG00000182492.15,0.0,0.0,0,150,BGN,chrX,153494939,153509554,+,protein_coding,1.8003603,2.7043717,0.90401137,"chrX:153,494,939-153,509,554 (+)"
ENSG00000213397.10,0.0,0.0,0,150,HAUS7,chrX,153447666,153495516,-,protein_coding,-0.19380723,-0.25826934,-0.06446211,"chrX:153,447,666-153,495,516 (-)"
ENSG00000183479.12,0.0,0.0,0,150,TREX2,chrX,153444720,153470587,-,protein_coding,-0.011621675,-0.045846015,-0.03422434,"chrX:153,444,720-153,470,587 (-)"
ENSG00000189420.8,0.0,0.0,0,150,ZFP92,chrX,153418322,153426481,+,protein_coding,-1.3817633,-1.4149392,-0.033175826,"chrX:153,418,322-153,426,481 (+)"
ENSG00000063587.13,0.0,0.0,0,150,ZNF275,chrX,153334155,153360110,+,protein_coding,-0.18886079,-0.21592556,-0.02706477,"chrX:153,334,155-153,360,110 (+)"
ENSG00000235961.5,0.0,0.0,0,150,PNMA6A,chrX,153072482,153075018,+,protein_coding,-1.3145049,-1.3997635,-0.0852586,"chrX:153,072,482-153,075,018 (+)"
ENSG00000183837.9,0.0,0.0,0,150,PNMA3,chrX,153056409,153060467,+,protein_coding,-1.6092724,-1.621665,-0.01239264,"chrX:153,056,409-153,060,467 (+)"
ENSG00000147394.18,0.0,0.0,0,150,ZNF185,chrX,152914442,152973480,+,protein_coding,0.1575814,0.31936872,0.16178732,"chrX:152,914,442-152,973,480 (+)"
ENSG00000147383.10,0.0,0.0,0,150,NSDHL,chrX,152830967,152869729,+,protein_coding,0.50906974,0.7303429,0.22127318,"chrX:152,830,967-152,869,729 (+)"
ENSG00000147400.8,0.0,0.0,0,150,CETN2,chrX,152826973,152830777,-,protein_coding,0.9462169,1.4061714,0.45995456,"chrX:152,826,973-152,830,777 (-)"
ENSG00000102287.18,0.0,0.0,0,150,GABRE,chrX,151953124,151974680,-,protein_coding,0.41136408,-1.2629467,-1.6743108,"chrX:151,953,124-151,974,680 (-)"
ENSG00000130032.15,0.0,0.0,0,150,PRRG3,chrX,151695124,151705924,+,protein_coding,-0.9546882,-1.6876839,-0.73299575,"chrX:151,695,124-151,705,924 (+)"
ENSG00000160131.13,0.0,0.0,0,150,VMA21,chrX,151396515,151409364,+,protein_coding,0.23714022,0.515296,0.27815574,"chrX:151,396,515-151,409,364 (+)"
ENSG00000029993.14,0.0,0.0,0,150,HMGB3,chrX,150980509,150990775,+,protein_coding,-0.46602046,0.77332723,1.2393477,"chrX:150,980,509-150,990,775 (+)"
ENSG00000102181.20,0.0,0.0,0,150,CD99L2,chrX,150766337,150898816,-,protein_coding,0.6944559,0.3383725,-0.35608342,"chrX:150,766,337-150,898,816 (-)"
ENSG00000063601.16,0.0,0.0,0,150,MTMR1,chrX,150692971,150765103,+,protein_coding,0.13933717,0.24690051,0.10756335,"chrX:150,692,971-150,765,103 (+)"
ENSG00000171100.14,0.0,0.0,0,150,MTM1,chrX,150568619,150673322,+,protein_coding,-0.048102938,-0.05022927,-0.0021263324,"chrX:150,568,619-150,673,322 (+)"
ENSG00000013619.13,0.0,0.0,0,150,MAMLD1,chrX,150361422,150514178,+,protein_coding,-0.53548056,-0.9949928,-0.45951223,"chrX:150,361,422-150,514,178 (+)"
ENSG00000197021.8,0.0,0.0,0,150,CXorf40B,chrX,149929527,149938811,-,protein_coding,0.5009911,0.688271,0.18727988,"chrX:149,929,527-149,938,811 (-)"
ENSG00000283463.1,0.0,0.0,0,150,XX-FW81066F1.2,chrX,149929645,149931287,+,protein_coding,-0.9081227,-0.6805297,0.227593,"chrX:149,929,645-149,931,287 (+)"
ENSG00000269556.7,0.0,0.0,0,150,TMEM185A,chrX,149596556,149631912,-,protein_coding,-0.27155682,-0.14570168,0.12585515,"chrX:149,596,556-149,631,912 (-)"
ENSG00000268738.2,0.0,0.0,0,150,HSFX2,chrX,149592515,149594716,-,protein_coding,-0.9572294,-0.9024111,0.054818273,"chrX:149,592,515-149,594,716 (-)"
ENSG00000197620.10,0.0,0.0,0,150,CXorf40A,chrX,149540355,149550510,+,protein_coding,0.01835311,0.3804915,0.3621384,"chrX:149,540,355-149,550,510 (+)"
ENSG00000283697.2,0.0,0.0,0,150,RP5-937E21.8,chrX,149548210,149549932,-,protein_coding,-0.8821382,-0.57792586,0.30421233,"chrX:149,548,210-149,549,932 (-)"
ENSG00000241489.7,0.0,0.0,0,150,AF011889.5,chrX,149482543,149533935,-,protein_coding,0.86441886,0.641594,-0.22282487,"chrX:149,482,543-149,533,935 (-)"
ENSG00000010404.17,0.0,0.0,0,150,IDS,chrX,149476990,149521096,-,protein_coding,0.9478362,0.7860982,-0.16173804,"chrX:149,476,990-149,521,096 (-)"
ENSG00000102081.13,0.0,0.0,0,150,FMR1,chrX,147911951,147951125,+,protein_coding,0.1430646,0.21320243,0.07013783,"chrX:147,911,951-147,951,125 (+)"
ENSG00000179542.15,0.0,0.0,0,150,SLITRK4,chrX,143622790,143635777,-,protein_coding,-1.4285969,-1.3297251,0.09887171,"chrX:143,622,790-143,635,777 (-)"
ENSG00000182195.7,0.0,0.0,0,150,LDOC1,chrX,141175745,141177125,-,protein_coding,1.1528025,1.2511245,0.098322034,"chrX:141,175,745-141,177,125 (-)"
ENSG00000184258.6,0.0,0.0,0,150,CDR1,chrX,140782405,140784871,-,protein_coding,-1.1771514,-1.3650872,-0.18793571,"chrX:140,782,405-140,784,871 (-)"
ENSG00000101974.14,0.0,0.0,0,150,ATP11C,chrX,139726346,139945276,-,protein_coding,-0.039205056,-0.22152089,-0.18231583,"chrX:139,726,346-139,945,276 (-)"
ENSG00000129682.15,0.0,0.0,0,150,FGF13,chrX,138614731,139222777,-,protein_coding,-1.2940818,-1.219137,0.074944854,"chrX:138,614,731-139,222,777 (-)"
ENSG00000147274.14,0.0,0.0,0,150,RBMX,chrX,136848004,136880764,-,protein_coding,1.3051362,1.2173144,-0.08782184,"chrX:136,848,004-136,880,764 (-)"
ENSG00000129675.15,0.0,0.0,0,150,ARHGEF6,chrX,136665547,136782088,-,protein_coding,0.72187394,0.27978197,-0.44209197,"chrX:136,665,547-136,782,088 (-)"
ENSG00000102245.7,0.0,0.0,0,150,CD40LG,chrX,136648193,136660390,+,protein_coding,-1.3462626,-1.2205312,0.12573135,"chrX:136,648,193-136,660,390 (+)"
ENSG00000102243.12,0.0,0.0,0,150,VGLL1,chrX,136532152,136556807,+,protein_coding,-0.5526142,-1.0877523,-0.53513813,"chrX:136,532,152-136,556,807 (+)"
ENSG00000102241.11,0.0,0.0,0,150,HTATSF1,chrX,136497079,136512346,+,protein_coding,1.0970318,1.2823431,0.18531132,"chrX:136,497,079-136,512,346 (+)"
ENSG00000129680.15,0.0,0.0,0,150,MAP7D3,chrX,136213220,136256482,-,protein_coding,-0.117001705,-0.8884023,-0.7714006,"chrX:136,213,220-136,256,482 (-)"
ENSG00000198689.10,0.0,0.0,0,150,SLC9A6,chrX,135973841,136047269,+,protein_coding,-0.44467825,-0.62780297,-0.18312472,"chrX:135,973,841-136,047,269 (+)"
ENSG00000169446.5,0.0,0.0,0,150,MMGT1,chrX,135962070,135974063,-,protein_coding,0.50361586,0.46199846,-0.041617393,"chrX:135,962,070-135,974,063 (-)"
ENSG00000165359.15,0.0,0.0,0,150,INTS6L,chrX,135520643,135582510,+,protein_coding,-0.21923015,-0.9102466,-0.69101644,"chrX:135,520,643-135,582,510 (+)"
ENSG00000178947.8,0.0,0.0,0,150,SMIM10L2A,chrX,135421943,135428074,+,protein_coding,-0.6859042,-1.2818103,-0.5959061,"chrX:135,421,943-135,428,074 (+)"
ENSG00000173275.12,0.0,0.0,0,150,ZNF449,chrX,135344796,135363152,+,protein_coding,-0.43635988,-0.70923555,-0.27287567,"chrX:135,344,796-135,363,152 (+)"
ENSG00000186376.14,0.0,0.0,0,150,ZNF75D,chrX,135248920,135344087,-,protein_coding,-0.26094064,-0.39069727,-0.12975663,"chrX:135,248,920-135,344,087 (-)"
ENSG00000196972.8,0.0,0.0,0,150,SMIM10L2B,chrX,135094987,135098634,-,protein_coding,-0.89395595,-1.3527727,-0.45881677,"chrX:135,094,987-135,098,634 (-)"
ENSG00000203950.6,0.0,0.0,0,150,FAM127B,chrX,135050932,135052196,-,protein_coding,1.3328958,1.2404947,-0.09240103,"chrX:135,050,932-135,052,196 (-)"
ENSG00000134590.13,0.0,0.0,0,150,FAM127A,chrX,135032366,135033546,+,protein_coding,1.9625167,1.610737,-0.3517797,"chrX:135,032,366-135,033,546 (+)"
ENSG00000212747.4,0.0,0.0,0,150,FAM127C,chrX,135020504,135022529,-,protein_coding,0.52815825,0.39818773,-0.12997052,"chrX:135,020,504-135,022,529 (-)"
ENSG00000184785.5,0.0,0.0,0,150,SMIM10,chrX,134990938,134992473,+,protein_coding,0.17398785,-0.58552325,-0.7595111,"chrX:134,990,938-134,992,473 (+)"
ENSG00000101928.12,0.0,0.0,0,150,MOSPD1,chrX,134887626,134915267,-,protein_coding,-0.28533193,0.048820995,0.33415294,"chrX:134,887,626-134,915,267 (-)"
ENSG00000156500.14,0.0,0.0,0,150,FAM122C,chrX,134796789,134854610,+,protein_coding,-1.2998978,-1.3266907,-0.026792884,"chrX:134,796,789-134,854,610 (+)"
ENSG00000156504.16,0.0,0.0,0,150,FAM122B,chrX,134769566,134797232,-,protein_coding,0.40336093,0.4505543,0.04719338,"chrX:134,769,566-134,797,232 (-)"
ENSG00000170965.9,0.0,0.0,0,150,PLAC1,chrX,134565838,134764322,-,protein_coding,-2.0270836,-1.2958306,0.731253,"chrX:134,565,838-134,764,322 (-)"
ENSG00000165704.14,0.0,0.0,0,150,HPRT1,chrX,134460153,134520513,+,protein_coding,0.5063601,1.0182397,0.5118796,"chrX:134,460,153-134,520,513 (+)"
ENSG00000156531.16,0.0,0.0,0,150,PHF6,chrX,134373253,134428791,+,protein_coding,-0.35274377,0.026001068,0.37874484,"chrX:134,373,253-134,428,791 (+)"
ENSG00000203952.9,0.0,0.0,0,150,CCDC160,chrX,134237047,134246207,+,protein_coding,-1.1722724,-0.5824298,0.5898426,"chrX:134,237,047-134,246,207 (+)"
ENSG00000147257.13,0.0,0.0,0,150,GPC3,chrX,133535745,133985895,-,protein_coding,1.5714124,-0.10177218,-1.6731846,"chrX:133,535,745-133,985,895 (-)"
ENSG00000076716.8,0.0,0.0,0,150,GPC4,chrX,133300103,133415490,-,protein_coding,-0.11525785,0.45414644,0.5694043,"chrX:133,300,103-133,415,490 (-)"
ENSG00000183434.9,0.0,0.0,0,150,TFDP3,chrX,133216669,133218348,-,protein_coding,-1.7842827,-1.5451435,0.2391392,"chrX:133,216,669-133,218,348 (-)"
ENSG00000171004.18,0.0,0.0,0,150,HS6ST2,chrX,132626016,132961395,-,protein_coding,-1.3332337,-1.1392831,0.19395065,"chrX:132,626,016-132,961,395 (-)"
ENSG00000076770.14,0.0,0.0,0,150,MBNL3,chrX,132369317,132489968,-,protein_coding,-0.7855667,-0.8689709,-0.08340418,"chrX:132,369,317-132,489,968 (-)"
ENSG00000123728.9,0.0,0.0,0,150,RAP2C,chrX,132203024,132219480,-,protein_coding,0.3774822,0.6805238,0.3030416,"chrX:132,203,024-132,219,480 (-)"
ENSG00000134602.15,0.0,0.0,0,150,STK26,chrX,132023265,132075943,+,protein_coding,-0.30098438,0.18261993,0.4836043,"chrX:132,023,265-132,075,943 (+)"
ENSG00000147255.18,0.0,0.0,0,150,IGSF1,chrX,131273506,131578899,-,protein_coding,-1.2014407,-1.3587599,-0.15731919,"chrX:131,273,506-131,578,899 (-)"
ENSG00000147256.11,0.0,0.0,0,150,ARHGAP36,chrX,131058242,131089883,+,protein_coding,-1.3394259,-1.6231622,-0.28373623,"chrX:131,058,242-131,089,883 (+)"
ENSG00000165675.16,0.0,0.0,0,150,ENOX2,chrX,130623369,130903317,-,protein_coding,-0.24376678,-0.14259623,0.101170555,"chrX:130,623,369-130,903,317 (-)"
ENSG00000134597.15,0.0,0.0,0,150,RBMX2,chrX,130401969,130413343,+,protein_coding,0.19989172,0.34789675,0.14800504,"chrX:130,401,969-130,413,343 (+)"
ENSG00000102078.15,0.0,0.0,0,150,SLC25A14,chrX,130339888,130373361,+,protein_coding,-0.44048774,-0.30970472,0.13078302,"chrX:130,339,888-130,373,361 (+)"
ENSG00000056277.15,0.0,0.0,0,150,ZNF280C,chrX,130202711,130268899,-,protein_coding,-0.89667314,-0.8394409,0.05723226,"chrX:130,202,711-130,268,899 (-)"
ENSG00000134594.4,0.0,0.0,0,150,RAB33A,chrX,130171649,130184870,+,protein_coding,-1.2954236,-1.1633104,0.13211322,"chrX:130,171,649-130,184,870 (+)"
ENSG00000156709.13,0.0,0.0,0,150,AIFM1,chrX,130129362,130165887,-,protein_coding,0.4243491,0.84832895,0.42397985,"chrX:130,129,362-130,165,887 (-)"
ENSG00000102034.16,0.0,0.0,0,150,ELF4,chrX,130064874,130110716,-,protein_coding,0.14859468,0.26808318,0.11948851,"chrX:130,064,874-130,110,716 (-)"
ENSG00000085185.15,0.0,0.0,0,150,BCORL1,chrX,129981107,130058083,+,protein_coding,-0.36511523,-0.3083436,0.056771636,"chrX:129,981,107-130,058,083 (+)"
ENSG00000156697.12,0.0,0.0,0,150,UTP14A,chrX,129906121,129929761,+,protein_coding,0.03200129,0.24748221,0.21548092,"chrX:129,906,121-129,929,761 (+)"
ENSG00000188706.12,0.0,0.0,0,150,ZDHHC9,chrX,129803288,129843909,-,protein_coding,0.56068695,0.7770971,0.21641016,"chrX:129,803,288-129,843,909 (-)"
ENSG00000122122.9,0.0,0.0,0,150,SASH3,chrX,129779979,129795201,+,protein_coding,-0.20635256,0.07989608,0.28624862,"chrX:129,779,979-129,795,201 (+)"
ENSG00000122121.10,0.0,0.0,0,150,XPNPEP2,chrX,129738974,129769538,+,protein_coding,-0.74255925,-1.5444721,-0.80191284,"chrX:129,738,974-129,769,538 (+)"
ENSG00000171388.11,0.0,0.0,0,150,APLN,chrX,129645259,129654937,-,protein_coding,-0.47707617,-0.5037671,-0.0266909,"chrX:129,645,259-129,654,937 (-)"
ENSG00000122126.15,0.0,0.0,0,150,OCRL,chrX,129539849,129592561,+,protein_coding,0.43814513,0.5521602,0.11401507,"chrX:129,539,849-129,592,561 (+)"
ENSG00000102038.15,0.0,0.0,0,150,SMARCA1,chrX,129446501,129523500,-,protein_coding,0.6903181,0.5542448,-0.13607329,"chrX:129,446,501-129,523,500 (-)"
ENSG00000198354.6,0.0,0.0,0,150,DCAF12L2,chrX,126163499,126166097,-,protein_coding,-1.5551863,-1.5734316,-0.01824534,"chrX:126,163,499-126,166,097 (-)"
ENSG00000101972.18,0.0,0.0,0,150,STAG2,chrX,123960212,124422664,+,protein_coding,0.70978904,0.778631,0.068841934,"chrX:123,960,212-124,422,664 (+)"
ENSG00000183918.15,0.0,0.0,0,150,SH2D1A,chrX,124227868,124373197,+,protein_coding,-1.4442893,-1.0921737,0.35211563,"chrX:124,227,868-124,373,197 (+)"
ENSG00000101966.12,0.0,0.0,0,150,XIAP,chrX,123859724,123913979,+,protein_coding,0.119496256,0.38358232,0.26408607,"chrX:123,859,724-123,913,979 (+)"
ENSG00000125676.19,0.0,0.0,0,150,THOC2,chrX,123600561,123733056,-,protein_coding,0.3126766,0.35011023,0.037433624,"chrX:123,600,561-123,733,056 (-)"
ENSG00000125675.17,0.0,0.0,0,150,GRIA3,chrX,123184153,123490915,+,protein_coding,-1.3525808,-1.6020987,-0.24951792,"chrX:123,184,153-123,490,915 (+)"
ENSG00000182890.4,0.0,0.0,0,150,GLUD2,chrX,121047588,121050080,+,protein_coding,0.6276536,0.61866677,-0.008986831,"chrX:121,047,588-121,050,080 (+)"
ENSG00000171155.7,0.0,0.0,0,150,C1GALT1C1,chrX,120625793,120630150,-,protein_coding,0.5655956,0.85051554,0.28491992,"chrX:120,625,793-120,630,150 (-)"
ENSG00000232119.7,0.0,0.0,0,150,MCTS1,chrX,120594010,120621074,+,protein_coding,0.30768,0.6105521,0.30287206,"chrX:120,594,010-120,621,074 (+)"
ENSG00000158290.16,0.0,0.0,0,150,CUL4B,chrX,120524609,120575794,-,protein_coding,0.6334354,0.71171737,0.07828194,"chrX:120,524,609-120,575,794 (-)"
ENSG00000005893.15,0.0,0.0,0,150,LAMP2,chrX,120427827,120469365,-,protein_coding,1.2667074,1.5128309,0.24612343,"chrX:120,427,827-120,469,365 (-)"
ENSG00000125355.15,0.0,0.0,0,150,TMEM255A,chrX,120258650,120311556,-,protein_coding,-0.5654386,-1.1845777,-0.6191391,"chrX:120,258,650-120,311,556 (-)"
ENSG00000177485.6,0.0,0.0,0,150,ZBTB33,chrX,120250752,120258398,+,protein_coding,0.18560877,0.4409105,0.2553017,"chrX:120,250,752-120,258,398 (+)"
ENSG00000101883.4,0.0,0.0,0,150,RHOXF1,chrX,120109053,120115937,-,protein_coding,-1.139841,-1.6876192,-0.54777825,"chrX:120,109,053-120,115,937 (-)"
ENSG00000101882.9,0.0,0.0,0,150,NKAP,chrX,119920672,119943772,-,protein_coding,-0.39242926,-0.2675463,0.12488297,"chrX:119,920,672-119,943,772 (-)"
ENSG00000125356.6,0.0,0.0,0,150,NDUFA1,chrX,119871487,119876662,+,protein_coding,1.8192631,2.0306628,0.21139967,"chrX:119,871,487-119,876,662 (+)"
ENSG00000125352.5,0.0,0.0,0,150,RNF113A,chrX,119870475,119871827,-,protein_coding,0.33940697,0.5099657,0.17055875,"chrX:119,870,475-119,871,827 (-)"
ENSG00000125351.11,0.0,0.0,0,150,UPF3B,chrX,119805311,119852998,-,protein_coding,0.040371925,0.0069186427,-0.033453282,"chrX:119,805,311-119,852,998 (-)"
ENSG00000198918.7,0.0,0.0,0,150,RPL39,chrX,119786504,119791643,-,protein_coding,1.5820923,1.5002629,-0.08182943,"chrX:119,786,504-119,791,643 (-)"
ENSG00000187808.4,0.0,0.0,0,150,SOWAHD,chrX,119758613,119760164,+,protein_coding,-1.7014474,-1.2412808,0.46016657,"chrX:119,758,613-119,760,164 (+)"
ENSG00000125354.22,0.0,0.0,0,150,SEPT6,chrX,119615724,119693370,-,protein_coding,0.053534396,0.29639465,0.24286026,"chrX:119,615,724-119,693,370 (-)"
ENSG00000186416.13,0.0,0.0,0,150,NKRF,chrX,119588337,119605895,-,protein_coding,-0.29595366,-0.06325785,0.23269582,"chrX:119,588,337-119,605,895 (-)"
ENSG00000077721.15,0.0,0.0,0,150,UBE2A,chrX,119574467,119591083,+,protein_coding,0.5506016,0.76851976,0.21791816,"chrX:119,574,467-119,591,083 (+)"
ENSG00000018610.13,0.0,0.0,0,150,CXorf56,chrX,119538149,119565408,-,protein_coding,0.34055126,0.38889098,0.048339725,"chrX:119,538,149-119,565,408 (-)"
ENSG00000005022.5,0.0,0.0,0,150,SLC25A5,chrX,119468400,119471319,+,protein_coding,2.1727397,2.3785777,0.20583797,"chrX:119,468,400-119,471,319 (+)"
ENSG00000077713.18,0.0,0.0,0,150,SLC25A43,chrX,119399060,119454478,+,protein_coding,0.27811092,0.32423568,0.046124756,"chrX:119,399,060-119,454,478 (+)"
ENSG00000101856.9,0.0,0.0,0,150,PGRMC1,chrX,119236245,119244466,+,protein_coding,1.9713366,1.9131668,-0.05816984,"chrX:119,236,245-119,244,466 (+)"
ENSG00000175556.16,0.0,0.0,0,150,LONRF3,chrX,118974614,119018355,+,protein_coding,-1.0315608,-1.4664505,-0.43488967,"chrX:118,974,614-119,018,355 (+)"
ENSG00000131724.10,0.0,0.0,0,150,IL13RA1,chrX,118727572,118794539,+,protein_coding,1.2849962,1.48576,0.20076382,"chrX:118,727,572-118,794,539 (+)"
ENSG00000147251.15,0.0,0.0,0,150,DOCK11,chrX,118495898,118686163,+,protein_coding,0.31550762,-0.4291882,-0.7446958,"chrX:118,495,898-118,686,163 (+)"
ENSG00000131725.13,0.0,0.0,0,150,WDR44,chrX,118346073,118449961,+,protein_coding,0.024840051,0.025981784,0.0011417326,"chrX:118,346,073-118,449,961 (+)"
ENSG00000003096.14,0.0,0.0,0,150,KLHL13,chrX,117897813,118117340,-,protein_coding,-0.27603298,-1.049321,-0.7732881,"chrX:117,897,813-118,117,340 (-)"
ENSG00000268104.2,0.0,0.0,0,150,SLC6A14,chrX,116436622,116461458,+,protein_coding,-0.50547177,-1.195839,-0.6903673,"chrX:116,436,622-116,461,458 (+)"
ENSG00000102024.17,0.0,0.0,0,150,PLS3,chrX,115561174,115650861,+,protein_coding,1.5575715,1.1224144,-0.43515718,"chrX:115,561,174-115,650,861 (+)"
ENSG00000130224.14,0.0,0.0,0,150,LRCH2,chrX,115110616,115234072,-,protein_coding,-0.87707293,-1.3484617,-0.47138882,"chrX:115,110,616-115,234,072 (-)"
ENSG00000123496.7,0.0,0.0,0,150,IL13RA2,chrX,115003975,115019977,-,protein_coding,-1.6194576,-1.575815,0.04364264,"chrX:115,003,975-115,019,977 (-)"
ENSG00000126016.15,0.0,0.0,0,150,AMOT,chrX,112774503,112840815,-,protein_coding,-0.15544856,-0.12636639,0.029082164,"chrX:112,774,503-112,840,815 (-)"
ENSG00000182508.13,0.0,0.0,0,150,LHFPL1,chrX,112630648,112680054,-,protein_coding,-1.702647,-1.6158158,0.08683121,"chrX:112,630,648-112,680,054 (-)"
ENSG00000101901.11,0.0,0.0,0,150,ALG13,chrX,111665811,111760649,+,protein_coding,0.00030575355,-0.2207825,-0.22108826,"chrX:111,665,811-111,760,649 (+)"
ENSG00000077274.8,0.0,0.0,0,150,CAPN6,chrX,111245103,111270523,-,protein_coding,-0.1339355,-1.0347444,-0.9008089,"chrX:111,245,103-111,270,523 (-)"
ENSG00000077264.14,0.0,0.0,0,150,PAK3,chrX,110944285,111227361,+,protein_coding,-0.7480103,-1.5633092,-0.8152989,"chrX:110,944,285-111,227,361 (+)"
ENSG00000101938.14,0.0,0.0,0,150,CHRDL1,chrX,110673856,110795819,-,protein_coding,1.5867232,-0.5284048,-2.115128,"chrX:110,673,856-110,795,819 (-)"
ENSG00000101935.9,0.0,0.0,0,150,AMMECR1,chrX,110194186,110440233,-,protein_coding,-0.7549798,-0.24864456,0.50633526,"chrX:110,194,186-110,440,233 (-)"
ENSG00000157600.11,0.0,0.0,0,150,TMEM164,chrX,110002631,110182734,+,protein_coding,0.2868392,0.48985633,0.20301715,"chrX:110,002,631-110,182,734 (+)"
ENSG00000068366.19,0.0,0.0,0,150,ACSL4,chrX,109624244,109733403,-,protein_coding,0.5597397,0.0468681,-0.5128716,"chrX:109,624,244-109,733,403 (-)"
ENSG00000101888.11,0.0,0.0,0,150,NXT2,chrX,109535781,109544690,+,protein_coding,-0.19795392,0.17138468,0.3693386,"chrX:109,535,781-109,544,690 (+)"
ENSG00000188153.12,0.0,0.0,0,150,COL4A5,chrX,108439844,108697545,+,protein_coding,-0.10162453,-0.08621947,0.015405066,"chrX:108,439,844-108,697,545 (+)"
ENSG00000197565.15,0.0,0.0,0,150,COL4A6,chrX,108155607,108439497,-,protein_coding,-0.74995756,-1.3482531,-0.59829557,"chrX:108,155,607-108,439,497 (-)"
ENSG00000101844.17,0.0,0.0,0,150,ATG4A,chrX,108091668,108154671,+,protein_coding,-0.10100183,0.11422953,0.21523136,"chrX:108,091,668-108,154,671 (+)"
ENSG00000101843.18,0.0,0.0,0,150,PSMD10,chrX,108084207,108091618,-,protein_coding,0.62848544,0.9722757,0.34379023,"chrX:108,084,207-108,091,618 (-)"
ENSG00000080561.13,0.0,0.0,0,150,MID2,chrX,107825755,107927193,+,protein_coding,-0.17692474,-0.1362618,0.04066293,"chrX:107,825,755-107,927,193 (+)"
ENSG00000170935.7,0.0,0.0,0,150,NCBP2L,chrX,107774899,107795829,+,protein_coding,-1.2150798,-1.083643,0.13143682,"chrX:107,774,899-107,795,829 (+)"
ENSG00000157514.16,0.0,0.0,0,150,TSC22D3,chrX,107713221,107777342,-,protein_coding,1.9762168,1.2559367,-0.72028005,"chrX:107,713,221-107,777,342 (-)"
ENSG00000147224.10,0.0,0.0,0,150,PRPS1,chrX,107628424,107651026,+,protein_coding,0.63883024,0.8111526,0.17232233,"chrX:107,628,424-107,651,026 (+)"
ENSG00000147234.10,0.0,0.0,0,150,FRMPD3,chrX,107522450,107605251,+,protein_coding,-1.843771,-1.3795948,0.46417618,"chrX:107,522,450-107,605,251 (+)"
ENSG00000198088.10,0.0,0.0,0,150,NUP62CL,chrX,107123427,107206433,-,protein_coding,-1.2579021,-0.9612086,0.29669356,"chrX:107,123,427-107,206,433 (-)"
ENSG00000089682.16,0.0,0.0,0,150,RBM41,chrX,107064420,107118823,-,protein_coding,-0.67978245,-0.6093228,0.070459664,"chrX:107,064,420-107,118,823 (-)"
ENSG00000133131.14,0.0,0.0,0,150,MORC4,chrX,106813871,107000244,-,protein_coding,-0.023789952,0.10526654,0.1290565,"chrX:106,813,871-107,000,244 (-)"
ENSG00000133138.19,0.0,0.0,0,150,TBC1D8B,chrX,106802680,106876145,+,protein_coding,-0.95588523,-0.7549027,0.20098251,"chrX:106,802,680-106,876,145 (+)"
ENSG00000133135.13,0.0,0.0,0,150,RNF128,chrX,106693794,106796993,+,protein_coding,-0.76024455,-0.8665999,-0.10635537,"chrX:106,693,794-106,796,993 (+)"
ENSG00000147231.13,0.0,0.0,0,150,CXorf57,chrX,106611930,106679442,+,protein_coding,-1.2124534,-1.4580559,-0.24560249,"chrX:106,611,930-106,679,442 (+)"
ENSG00000157502.13,0.0,0.0,0,150,MUM1L1,chrX,106168305,106208956,+,protein_coding,-1.2414472,-0.95045763,0.29098958,"chrX:106,168,305-106,208,956 (+)"
ENSG00000123572.16,0.0,0.0,0,150,NRK,chrX,105822543,105958610,+,protein_coding,-1.539853,-1.3082397,0.23161328,"chrX:105,822,543-105,958,610 (+)"
ENSG00000123575.8,0.0,0.0,0,150,FAM199X,chrX,104166620,104195902,+,protein_coding,0.38453636,0.4507473,0.066210955,"chrX:104,166,620-104,195,902 (+)"
ENSG00000269743.2,0.0,0.0,0,150,SLC25A53,chrX,104099214,104157027,-,protein_coding,-1.4663328,-1.3746568,0.091676,"chrX:104,099,214-104,157,027 (-)"
ENSG00000166707.10,0.0,0.0,0,150,ZCCHC18,chrX,104112131,104115846,+,protein_coding,-1.5269059,-1.593281,-0.06637514,"chrX:104,112,131-104,115,846 (+)"
ENSG00000269226.7,0.0,0.0,0,150,RP11-722G7.1,chrX,104063871,104076212,-,protein_coding,-0.7315909,-0.8584832,-0.12689227,"chrX:104,063,871-104,076,212 (-)"
ENSG00000123570.3,0.0,0.0,0,150,RAB9B,chrX,103822322,103832228,-,protein_coding,-1.0759279,-1.2028538,-0.12692595,"chrX:103,822,322-103,832,228 (-)"
ENSG00000123560.13,0.0,0.0,0,150,PLP1,chrX,103773718,103792619,+,protein_coding,-0.94701385,-1.5174482,-0.57043433,"chrX:103,773,718-103,792,619 (+)"
ENSG00000179363.6,0.0,0.0,0,150,TMEM31,chrX,103710909,103714028,+,protein_coding,-1.4519852,-1.5334573,-0.08147204,"chrX:103,710,909-103,714,028 (+)"
ENSG00000123562.16,0.0,0.0,0,150,MORF4L2,chrX,103675496,103688158,-,protein_coding,1.9171352,2.1846085,0.26747322,"chrX:103,675,496-103,688,158 (-)"
ENSG00000172465.13,0.0,0.0,0,150,TCEAL1,chrX,103628704,103630953,+,protein_coding,0.9373045,0.8124441,-0.124860406,"chrX:103,628,704-103,630,953 (+)"
ENSG00000196507.10,0.0,0.0,0,150,TCEAL3,chrX,103607451,103629690,+,protein_coding,0.69346035,0.8671466,0.17368627,"chrX:103,607,451-103,629,690 (+)"
ENSG00000133142.17,0.0,0.0,0,150,TCEAL4,chrX,103576231,103587736,+,protein_coding,1.6056405,1.6336193,0.027978778,"chrX:103,576,231-103,587,736 (+)"
ENSG00000166681.13,0.0,0.0,0,150,BEX3,chrX,103376340,103378077,+,protein_coding,1.8129038,1.6074734,-0.20543039,"chrX:103,376,340-103,378,077 (+)"
ENSG00000185222.8,0.0,0.0,0,150,TCEAL9,chrX,103356452,103358451,+,protein_coding,1.6117021,1.2941842,-0.31751788,"chrX:103,356,452-103,358,451 (+)"
ENSG00000182916.7,0.0,0.0,0,150,TCEAL7,chrX,103330196,103332326,+,protein_coding,0.15144746,-0.82471186,-0.97615933,"chrX:103,330,196-103,332,326 (+)"
ENSG00000133134.11,0.0,0.0,0,150,BEX2,chrX,103309346,103311046,-,protein_coding,0.33301097,0.07913327,-0.2538777,"chrX:103,309,346-103,311,046 (-)"
ENSG00000204065.2,0.0,0.0,0,150,TCEAL5,chrX,103273691,103276872,-,protein_coding,-0.6834978,-1.1540254,-0.47052765,"chrX:103,273,691-103,276,872 (-)"
ENSG00000180964.16,0.0,0.0,0,150,TCEAL8,chrX,103252995,103255203,-,protein_coding,1.2656178,1.398783,0.13316512,"chrX:103,252,995-103,255,203 (-)"
ENSG00000102409.9,0.0,0.0,0,150,BEX4,chrX,103215092,103217246,+,protein_coding,1.3172156,1.1241337,-0.19308186,"chrX:103,215,092-103,217,246 (+)"
ENSG00000133169.5,0.0,0.0,0,150,BEX1,chrX,103062651,103064240,-,protein_coding,-0.941063,-0.79458034,0.14648265,"chrX:103,062,651-103,064,240 (-)"
ENSG00000198908.11,0.0,0.0,0,150,BHLHB9,chrX,102720688,102753540,+,protein_coding,-0.8798956,-0.80205333,0.077842295,"chrX:102,720,688-102,753,540 (+)"
ENSG00000158301.18,0.0,0.0,0,150,GPRASP2,chrX,102712176,102717733,+,protein_coding,0.07076936,-0.37739757,-0.44816694,"chrX:102,712,176-102,717,733 (+)"
ENSG00000125962.14,0.0,0.0,0,150,ARMCX5,chrX,102599168,102604159,+,protein_coding,-0.20495833,-0.19590096,0.009057373,"chrX:102,599,168-102,604,159 (+)"
ENSG00000158164.6,0.0,0.0,0,150,TMSB15A,chrX,102513676,102516784,-,protein_coding,-1.0421458,-0.67550343,0.36664242,"chrX:102,513,676-102,516,784 (-)"
ENSG00000184515.10,0.0,0.0,0,150,BEX5,chrX,102153708,102156057,-,protein_coding,-0.4067088,-0.5702119,-0.16350308,"chrX:102,153,708-102,156,057 (-)"
ENSG00000204071.10,0.0,0.0,0,150,TCEAL6,chrX,102140476,102142970,-,protein_coding,-1.5003633,-1.2012961,0.29906726,"chrX:102,140,476-102,142,970 (-)"
ENSG00000184905.8,0.0,0.0,0,150,TCEAL2,chrX,102125688,102127711,+,protein_coding,-0.635806,-1.4349092,-0.7991032,"chrX:102,125,688-102,127,711 (+)"
ENSG00000166432.14,0.0,0.0,0,150,ZMAT1,chrX,101882288,101932031,-,protein_coding,0.08977457,-0.48305336,-0.57282794,"chrX:101,882,288-101,932,031 (-)"
ENSG00000184867.13,0.0,0.0,0,150,ARMCX2,chrX,101655281,101659891,-,protein_coding,0.51071364,0.5474492,0.036735535,"chrX:101,655,281-101,659,891 (-)"
ENSG00000102401.19,0.0,0.0,0,150,ARMCX3,chrX,101622797,101627843,+,protein_coding,0.98069483,0.9474917,-0.033203125,"chrX:101,622,797-101,627,843 (+)"
ENSG00000198960.10,0.0,0.0,0,150,ARMCX6,chrX,101615118,101618001,-,protein_coding,0.37097046,0.5345446,0.16357413,"chrX:101,615,118-101,618,001 (-)"
ENSG00000126947.12,0.0,0.0,0,150,ARMCX1,chrX,101550531,101554700,+,protein_coding,0.90555817,0.6113647,-0.29419345,"chrX:101,550,531-101,554,700 (+)"
ENSG00000196440.11,0.0,0.0,0,150,ARMCX4,chrX,101418287,101533459,+,protein_coding,-0.51227343,-1.042355,-0.5300815,"chrX:101,418,287-101,533,459 (+)"
ENSG00000126945.8,0.0,0.0,0,150,HNRNPH2,chrX,101408295,101414133,+,protein_coding,1.6735915,1.7284929,0.05490136,"chrX:101,408,295-101,414,133 (+)"
ENSG00000257529.5,0.0,0.0,0,150,RPL36A-HNRNPH2,chrX,101391011,101412297,+,protein_coding,1.2678838,1.3142941,0.046410322,"chrX:101,391,011-101,412,297 (+)"
ENSG00000102393.9,0.0,0.0,0,150,GLA,chrX,101397803,101407925,-,protein_coding,0.4651898,0.8395313,0.3743415,"chrX:101,397,803-101,407,925 (-)"
ENSG00000241343.9,0.0,0.0,0,150,RPL36A,chrX,101390824,101396154,+,protein_coding,-0.31649673,-0.5456562,-0.22915947,"chrX:101,390,824-101,396,154 (+)"
ENSG00000010671.15,0.0,0.0,0,150,BTK,chrX,101349447,101390796,-,protein_coding,-0.8942961,-0.60474414,0.28955197,"chrX:101,349,447-101,390,796 (-)"
ENSG00000126953.5,0.0,0.0,0,150,TIMM8A,chrX,101345661,101349196,-,protein_coding,-0.727221,-0.43608826,0.29113275,"chrX:101,345,661-101,349,196 (-)"
ENSG00000102384.13,0.0,0.0,0,150,CENPI,chrX,101098218,101163681,+,protein_coding,-1.6565112,-0.8277242,0.82878697,"chrX:101,098,218-101,163,681 (+)"
ENSG00000126950.7,0.0,0.0,0,150,TMEM35A,chrX,101078720,101096364,+,protein_coding,-1.2962973,-1.5187107,-0.22241342,"chrX:101,078,720-101,096,364 (+)"
ENSG00000188917.14,0.0,0.0,0,150,TRMT2B,chrX,101009346,101052116,-,protein_coding,-0.09539659,0.06622076,0.16161735,"chrX:101,009,346-101,052,116 (-)"
ENSG00000007952.17,0.0,0.0,0,150,NOX1,chrX,100843324,100874345,-,protein_coding,-1.8302181,-1.5065851,0.32363296,"chrX:100,843,324-100,874,345 (-)"
ENSG00000101811.13,0.0,0.0,0,150,CSTF2,chrX,100820359,100840932,+,protein_coding,-0.08007939,0.42448702,0.50456643,"chrX:100,820,359-100,840,932 (+)"
ENSG00000102362.15,0.0,0.0,0,150,SYTL4,chrX,100674491,100732123,-,protein_coding,0.0477921,-0.16695358,-0.21474567,"chrX:100,674,491-100,732,123 (-)"
ENSG00000102359.6,0.0,0.0,0,150,SRPX2,chrX,100644166,100675788,+,protein_coding,0.39399898,0.06973685,-0.32426214,"chrX:100,644,166-100,675,788 (+)"
ENSG00000000003.14,0.0,0.0,0,150,TSPAN6,chrX,100627109,100639991,-,protein_coding,0.7292481,0.43094584,-0.29830226,"chrX:100,627,109-100,639,991 (-)"
ENSG00000000005.5,0.0,0.0,0,150,TNMD,chrX,100584802,100599885,+,protein_coding,-0.095640644,-1.5265696,-1.430929,"chrX:100,584,802-100,599,885 (+)"
ENSG00000165194.15,0.0,0.0,0,150,PCDH19,chrX,100291644,100410273,-,protein_coding,-1.026368,-1.2808138,-0.2544458,"chrX:100,291,644-100,410,273 (-)"
ENSG00000147202.17,0.0,0.0,0,150,DIAPH2,chrX,96684663,97604997,+,protein_coding,-0.21497196,-0.5485355,-0.33356357,"chrX:96,684,663-97,604,997 (+)"
ENSG00000186310.9,0.0,0.0,0,150,NAP1L3,chrX,93670930,93673568,-,protein_coding,-0.76113087,-0.85956246,-0.09843159,"chrX:93,670,930-93,673,568 (-)"
ENSG00000174740.7,0.0,0.0,0,150,PABPC5,chrX,91434595,91438584,+,protein_coding,-1.2424958,-1.4148508,-0.17235506,"chrX:91,434,595-91,438,584 (+)"
ENSG00000188419.13,0.0,0.0,0,150,CHM,chrX,85861180,86047562,-,protein_coding,-0.34443605,-0.29465312,0.04978293,"chrX:85,861,180-86,047,562 (-)"
ENSG00000124429.17,0.0,0.0,0,150,POF1B,chrX,85277396,85379743,-,protein_coding,-1.0246987,-0.9197319,0.10496682,"chrX:85,277,396-85,379,743 (-)"
ENSG00000147180.16,0.0,0.0,0,150,ZNF711,chrX,85244032,85273362,+,protein_coding,-0.4573275,-0.7899359,-0.33260837,"chrX:85,244,032-85,273,362 (+)"
ENSG00000184788.12,0.0,0.0,0,150,SATL1,chrX,85092287,85109048,-,protein_coding,-0.8239513,-0.62829274,0.19565856,"chrX:85,092,287-85,109,048 (-)"
ENSG00000155008.13,0.0,0.0,0,150,APOOL,chrX,85003826,85093316,+,protein_coding,-0.12768817,0.006525359,0.13421352,"chrX:85,003,826-85,093,316 (+)"
ENSG00000165259.13,0.0,0.0,0,150,HDX,chrX,84317874,84502479,-,protein_coding,-1.1900082,-1.1973518,-0.00734365,"chrX:84,317,874-84,502,479 (-)"
ENSG00000072133.10,0.0,0.0,0,150,RPS6KA6,chrX,84058346,84187907,-,protein_coding,-1.1298958,-0.9903397,0.13955611,"chrX:84,058,346-84,187,907 (-)"
ENSG00000131171.12,0.0,0.0,0,150,SH3BGRL,chrX,81201943,81298547,+,protein_coding,1.831915,2.1066895,0.27477443,"chrX:81,201,943-81,298,547 (+)"
ENSG00000198157.10,0.0,0.0,0,150,HMGN5,chrX,81113701,81201942,-,protein_coding,-0.3206313,-0.23233615,0.08829515,"chrX:81,113,701-81,201,942 (-)"
ENSG00000165288.10,0.0,0.0,0,150,BRWD3,chrX,80670854,80809688,-,protein_coding,-0.55056334,-0.52051634,0.030047,"chrX:80,670,854-80,809,688 (-)"
ENSG00000078596.10,0.0,0.0,0,150,ITM2A,chrX,79360384,79367667,-,protein_coding,1.5279624,0.26410124,-1.2638612,"chrX:79,360,384-79,367,667 (-)"
ENSG00000147138.1,0.0,0.0,0,150,GPR174,chrX,79170972,79172229,+,protein_coding,-1.3827538,-1.2992632,0.08349061,"chrX:79,170,972-79,172,229 (+)"
ENSG00000078589.12,0.0,0.0,0,150,P2RY10,chrX,78945332,78961954,+,protein_coding,-1.4120044,-0.9554591,0.45654523,"chrX:78,945,332-78,961,954 (+)"
ENSG00000147145.12,0.0,0.0,0,150,LPAR4,chrX,78747709,78757094,+,protein_coding,-1.5931014,-1.6180214,-0.024919987,"chrX:78,747,709-78,757,094 (+)"
