model,cv_auc_mean,cv_auc_std,test_auc,test_pr_auc,test_balanced_acc,test_sensitivity,test_specificity,test_mcc,fit_seconds
Logistic Regression (L2),1.0,0.0,1.0,1.0,1.0,1.0,1.0,1.0,4.4
Logistic Regression (L1),1.0,0.0,1.0,1.0,1.0,1.0,1.0,1.0,4.3
SVM (RBF),1.0,0.0,1.0,1.0,0.9583333333333333,1.0,0.9166666666666666,0.95294264700113,4.4
Random Forest,0.9995238095238095,0.000952380952380949,0.9992138364779873,0.9999118321283724,0.9583333333333333,1.0,0.9166666666666666,0.95294264700113,9.2
Extra Trees,0.9997619047619046,0.0004761904761904745,0.9992138364779873,0.9999118321283724,0.9583333333333333,1.0,0.9166666666666666,0.95294264700113,7.2
Gradient Boosting,1.0,0.0,0.9984276729559748,0.999822832484371,0.9583333333333333,1.0,0.9166666666666666,0.95294264700113,126.1
Naive Bayes,0.9951338313103019,0.002448623254582914,0.9536163522012577,0.989695651386886,0.9536163522012578,0.9905660377358491,0.9166666666666666,0.9072327044025157,4.3
k-NN (k=5),0.9985854341736694,0.0022809790573149543,1.0,1.0,0.9583333333333333,1.0,0.9166666666666666,0.95294264700113,4.4
Ensemble (soft vote),1.0,0.0,1.0,1.0,0.9583333333333333,1.0,0.9166666666666666,0.95294264700113,9.4
